"Estado","Periodo de Cierre","Codigo de Contrato","Monto","Monto Solarizado","Monto Desembolsado","Monto Desembolsado Solarizado","Comision","Comision Solarizada","Plazo","Moneda","Tasa de Interes","Esquema","Riesgo","Provincia Propiedad","Distrito Propiedad","Tipo de Propiedad","Valuacion Propiedad","Valuacion en Soles","Total Ganado Esperado","Total Ganado","Numero de Reservaciones","Ratio (%)","LTV","Safety Buffer","Fecha de Creacion","Fecha de Cierre","Dias de Cierre","Etapa del Negocio","Canal","Tipo de Fondo","Es Fast Track","Tipo de Cambio Contable","Flag Contrato Cerrado","Ratio Comision/Monto","Flag Alta Demanda","Ano"
"CONTRATO CERRADO / DESEMBOLSO","202603","P04810","50000.0","50000.0","63750.0","63750.0","13750.0","13750.0","48","PEN","1.57","Cuota Fija","Medio","LIMA","SAN MARTIN DE PORRES","casa","209705.0",,"63750.0","63750.0",,"0.082162","0.082162","0.917838","2025-09-16 20:44:43","2026-03-20 23:29:03","185","CONTRATO CERRADO / DESEMBOLSO","Digital","Inversionista P2P","false","3.538","SI","0.275",,"2026"
"CONTRATO CERRADO / DESEMBOLSO","202601","P04597","150000.0","150000.0","153390.0","153390.0","3390.0","3390.0","72","PEN","3.12","Cuota Fija","Bajo Medio","TRUJILLO","LAREDO",,"131292.0",,"153390.0","153390.0",,"0.31576","0.31576","0.68424","2025-10-16 03:31:00","2026-01-05 21:52:40","81","CONTRATO CERRADO / DESEMBOLSO","Presencial","Fondos privados","false","3.457","SI","0.0226",,"2026"
"CONTRATO CERRADO / DESEMBOLSO","202601","P04590","40000.0","40000.0","51000.0","51000.0","11000.0","11000.0","72","PEN","1.5","Cuota Fija","Bajo Medio","CALLAO","CALLAO","casa","100524.0",,"51000.0","51000.0",,"0.137119","0.137119","0.862881","2025-10-24 21:34:04","2026-01-08 19:39:15","75","CONTRATO CERRADO / DESEMBOLSO","Digital","Inversionista P2P","true","3.506","SI","0.275",,"2026"
"CONTRATO CERRADO / DESEMBOLSO","202603","P04823","49000.0","49000.0","62720.0","62720.0","13720.0","13720.0","36","PEN","1.56","Cuota Fija","Moderado Medio","LIMA","EL AGUSTINO","terreno","122853.0",,"62720.0","62720.0",,"0.137981","0.137981","0.862019","2025-11-13 23:11:01","2026-03-24 23:13:34","131","CONTRATO CERRADO / DESEMBOLSO","Digital","Inversionista P2P","true","3.457","SI","0.28",,"2026"
"CONTRATO CERRADO / DESEMBOLSO","202601","P04626","30618.980000000003","30618.980000000003","32881.73","32881.73","2262.75","2262.75","60","PEN","2.09","Cuota Fija","Bajo Medio","LIMA","SAN MARTIN DE PORRES",,"30335.0",,"32881.73","32881.73",,"0.292961","0.292961","0.707039","2025-11-17 19:26:10","2026-01-17 14:31:01","60","CONTRATO CERRADO / DESEMBOLSO","Digital","Fondos privados","false","1.0","SI","0.07390024096165189",,"2026"
"CONTRATO CERRADO / DESEMBOLSO","202601","P04600","140000.0","140000.0","142086.0","142086.0","2086.0","2086.0","36","PEN","2.85","Cuota Fija","Moderado Medio","HUANCAYO","EL TAMBO","casa","102476.0",,"142086.0","142086.0",,"0.374738","0.374738","0.625262","2025-11-22 14:03:46","2026-01-09 14:03:55","48","CONTRATO CERRADO / DESEMBOLSO","Digital","Fondos privados","false","3.457","SI","0.0149",,"2026"
"CONTRATO CERRADO / DESEMBOLSO","202603","P04789","100000.0","100000.0","102600.0","102600.0","2600.0","2600.0","60","PEN","3.0","Cuota Fija","Moderado","CAÑETE","CHILCA",,"153615.0",,"102600.0","102600.0",,"0.180515","0.180515","0.819485","2025-11-27 16:14:39","2026-03-09 13:47:05","101","CONTRATO CERRADO / DESEMBOLSO","Presencial","Fondos privados","false","3.414","SI","0.026",,"2026"
"CONTRATO CERRADO / DESEMBOLSO","202601","P04583","22000.0","22000.0","29260.0","29260.0","7260.0","7260.0","48","PEN","1.37","Cuota Fija","Moderado","LIMA","SANTA ANITA","departamento","21812.0",,"29260.0","29260.0",,"0.362558","0.362558","0.6374420000000001","2025-12-01 14:10:30","2026-01-03 14:20:28","33","CONTRATO CERRADO / DESEMBOLSO","Digital","Inversionista P2P","false","3.414","SI","0.33",,"2026"
"CONTRATO CERRADO / DESEMBOLSO","202601","P04623","40000.0","40000.0","41492.0","41492.0","1492.0","1492.0","72","PEN","2.92","Cuota Fija","Moderado Medio","SANTA","CHIMBOTE","departamento","49878.0",,"41492.0","41492.0",,"0.22483","0.22483","0.77517","2025-12-02 15:14:04","2026-01-15 14:26:44","43","CONTRATO CERRADO / DESEMBOLSO","Digital","Fondos privados",,"3.414","SI","0.0373",,"2026"
"CONTRATO CERRADO / DESEMBOLSO","202601","P04598","26000.0","26000.0","29003.0","29003.0","3003.0","3003.0","48","PEN","2.62","Cuota Fija","Moderado","LIMA","CERCADO",,"55750.0",,"29003.0","29003.0",,"0.140604","0.140604","0.859396","2025-12-05 16:54:07","2026-01-06 13:25:24","31","CONTRATO CERRADO / DESEMBOLSO","Presencial","Fondos privados","true","1.0","SI","0.1155",,"2026"
"CONTRATO CERRADO / DESEMBOLSO","202601","P04616","40000.0","40000.0","42308.0","42308.0","2308.0","2308.0","72","PEN","1.95","Cuota Fija","Medio","LIMA","SURQUILLO",,"105261.0",,"42308.0","42308.0",,"0.108631","0.108631","0.891369","2025-12-05 19:28:26","2026-01-13 19:25:25","38","CONTRATO CERRADO / DESEMBOLSO","Digital","Fondos privados","true","3.414","SI","0.0577",,"2026"
"CONTRATO CERRADO / DESEMBOLSO","202602","P04696","28000.0","28000.0","29341.2","29341.2","1341.2","1341.2","60","PEN","3.22","Cuota Fija","Moderado Medio","TRUJILLO","FLORENCIA DE MORA",,"27944.0",,"29341.2","29341.2",,"0.283784","0.283784","0.716216","2025-12-11 16:12:44","2026-02-06 23:33:39","57","CONTRATO CERRADO / DESEMBOLSO","Presencial","Fondos privados","false","3.414","SI","0.047900000000000005",,"2026"
"CONTRATO CERRADO / DESEMBOLSO","202601","P04604","150000.0","150000.0","165750.0","165750.0","15750.0","15750.0","72","PEN","1.78","Cuota Fija","Bajo Medio","LIMA","ATE","casa","134277.0",,"165750.0","165750.0",,"0.333619","0.333619","0.666381","2025-12-10 15:12:36","2026-01-12 22:49:29","33","CONTRATO CERRADO / DESEMBOLSO","Digital","Inversionista P2P","false","3.414","SI","0.105",,"2026"
"CONTRATO CERRADO / DESEMBOLSO","202601","P04621","60000.0","60000.0","62406.0","62406.0","2406.0","2406.0","48","PEN","2.53","Cuota Fija","Medio","LIMA","VILLA EL SALVADOR","casa","120405.0",,"62406.0","62406.0",,"0.140081","0.140081","0.859919","2025-12-10 20:24:54","2026-01-14 13:52:13","34","CONTRATO CERRADO / DESEMBOLSO","Digital","Fondos privados","true","3.414","SI","0.0401",,"2026"
"CONTRATO CERRADO / DESEMBOLSO","202601","P04614","170000.0","170000.0","172023.0","172023.0","2023.0","2023.0","72","PEN","2.89","Cuota Fija","Moderado","TRUJILLO","MOCHE",,"192460.0",,"172023.0","172023.0",,"0.241571","0.241571","0.758429","2025-12-14 02:13:56","2026-01-12 21:30:27","29","CONTRATO CERRADO / DESEMBOLSO","Presencial","Fondos privados","false","3.414","SI","0.0119",,"2026"
"CONTRATO CERRADO / DESEMBOLSO","202601","P04605","115000.0","115000.0","130295.0","130295.0","15295.0","15295.0","72","PEN","1.5","Cuota Fija","Bajo Medio","LIMA","PUEBLO LIBRE","departamento","153735.0",,"130295.0","130295.0",,"0.229062","0.229062","0.770938","2025-12-11 22:03:35","2026-01-13 20:25:12","32","CONTRATO CERRADO / DESEMBOLSO","Digital","Inversionista P2P","true","3.414","SI","0.133",,"2026"
"CONTRATO CERRADO / DESEMBOLSO","202604","P04896","400000.0","400000.0","404040.0","404040.0","4040.0","4040.0","60","PEN","2.13","Cuota Fija","Moderado","CAJAMARCA","CAJAMARCA",,"332547.0",,"404040.0","404040.0",,"0.328375","0.328375","0.671625","2025-12-16 23:01:57","2026-04-14 15:37:19","118","CONTRATO CERRADO / DESEMBOLSO","Presencial","Fondos privados","false","3.414","SI","0.0101",,"2026"
"CONTRATO CERRADO / DESEMBOLSO","202601","P04595","25000.0","25000.0","31875.0","31875.0","6875.0","6875.0","36","PEN","1.08","Cuota Fija","Moderado","LIMA","SURCO","departamento","114774.0",,"31875.0","31875.0",,"0.075059","0.075059","0.924941","2025-12-16 16:12:05","2026-01-09 17:27:39","24","CONTRATO CERRADO / DESEMBOLSO","Digital","Inversionista P2P","true","3.414","SI","0.275",,"2026"
"CONTRATO CERRADO / DESEMBOLSO","202601","P04584","100000.0","100000.0","113500.0","113500.0","13500.0","13500.0","48","PEN","1.2","Cuota Fija","Bajo","LIMA","SAN BORJA","departamento","216540.0",,"113500.0","113500.0",,"0.141663","0.141663","0.858337","2025-12-15 22:58:01","2026-01-05 22:45:00","20","CONTRATO CERRADO / DESEMBOLSO","Digital","Inversionista P2P","true","3.414","SI","0.135",,"2026"
"CONTRATO CERRADO / DESEMBOLSO","202601","P04649","22600.0","22600.0","29832.0","29832.0","7232.0","7232.0","36","PEN","1.7","Cuota Fija","Moderado Medio","LAMBAYEQUE","LAMBAYEQUE",,"43627.0",,"29832.0","29832.0",,"0.18481","0.18481","0.81519","2025-12-16 15:33:00","2026-01-27 21:18:49","42","CONTRATO CERRADO / DESEMBOLSO","Presencial","Inversionista P2P","true","3.414","SI","0.32",,"2026"
"CONTRATO CERRADO / DESEMBOLSO","202602","P04757","194000.0","194000.0","198656.0","198656.0","4656.0","4656.0","60","PEN","2.1","Cuota Fija","Bajo Medio","LIMA","SAN JUAN DE LURIGANCHO",,"150156.0",,"198656.0","198656.0",,"0.357567","0.357567","0.642433","2025-12-17 21:40:52","2026-02-27 23:03:37","72","CONTRATO CERRADO / DESEMBOLSO","Presencial","Fondos privados","false","3.346","SI","0.024",,"2026"
"CONTRATO CERRADO / DESEMBOLSO","202601","P04667","35000.0","35000.0","36372.0","36372.0","1372.0","1372.0","48","PEN","3.3","Cuota Fija","Moderado Medio","TRUJILLO","ALTO TRUJILLO",,"48207.0",,"36372.0","36372.0",,"0.203918","0.203918","0.796082","2025-12-17 22:50:24","2026-01-28 14:26:00","41","CONTRATO CERRADO / DESEMBOLSO","Presencial","Fondos privados","false","3.384","SI","0.0392",,"2026"
"CONTRATO CERRADO / DESEMBOLSO","202601","P04601","40000.0","40000.0","42308.0","42308.0","2308.0","2308.0","60","PEN","2.13","Cuota Fija","Bajo","LIMA","CERCADO DE LIMA","departamento","40741.0",,"42308.0","42308.0",,"0.280665","0.280665","0.7193350000000001","2025-12-18 21:26:00","2026-01-08 15:30:17","20","CONTRATO CERRADO / DESEMBOLSO","Digital","Fondos privados","false","3.414","SI","0.0577",,"2026"
"CONTRATO CERRADO / DESEMBOLSO","202601","P04636","37897.420000000006","37897.420000000006","40197.8","40197.8","2300.38","2300.38","60","PEN","2.9","Cuota Fija","Moderado","LIMA","SAN MARTIN DE PORRES",,"57951.0",,"40197.8","40197.8",,"0.187474","0.187474","0.812526","2025-12-23 19:25:21","2026-01-19 14:31:58","26","CONTRATO CERRADO / DESEMBOLSO","Digital","Fondos privados","false","3.384","SI","0.06070017431265769",,"2026"
"CONTRATO CERRADO / DESEMBOLSO","202603","P04787","79250.0","79250.0","81746.38","81746.38","2496.38","2496.38","72","PEN","3.17","Cuota Fija","Alto","SULLANA","SULLANA",,"156002.0",,"81746.38","81746.38",,"0.141624","0.141624","0.858376","2025-12-19 18:03:19","2026-03-09 13:46:59","79","CONTRATO CERRADO / DESEMBOLSO","Presencial","Fondos privados","true","3.384","SI","0.03150006309148265",,"2026"
"CONTRATO CERRADO / DESEMBOLSO","202601","P04651","60000.0","60000.0","72900.0","72900.0","12900.0","12900.0","72","PEN","1.45","Cuota Fija","Medio","LIMA","SURQUILLO","departamento","86616.0",,"72900.0","72900.0",,"0.227472","0.227472","0.772528","2025-12-30 19:04:36","2026-01-27 14:41:33","27","CONTRATO CERRADO / DESEMBOLSO","Digital","Inversionista P2P","true","3.384","SI","0.215",,"2026"
"CONTRATO CERRADO / DESEMBOLSO","202601","P04631","48000.0","48000.0","59280.0","59280.0","11280.0","11280.0","72","PEN","1.32","Cuota Fija","Medio","LIMA","SAN MIGUEL","departamento","87596.0",,"59280.0","59280.0",,"0.182904","0.182904","0.817096","2025-12-30 22:05:22","2026-01-21 22:33:20","22","CONTRATO CERRADO / DESEMBOLSO","Digital","Inversionista P2P","true","3.384","SI","0.235",,"2026"
"CONTRATO CERRADO / DESEMBOLSO","202601","P04663","145000.0","145000.0","147813.0","147813.0","2813.0","2813.0","72","PEN","2.29","Cuota Fija","Bajo Medio","LIMA","SURQUILLO","departamento","86892.0",,"147813.0","147813.0",,"0.45976","0.45976","0.54024","2026-01-02 13:47:50","2026-01-26 16:25:02","24","CONTRATO CERRADO / DESEMBOLSO","Digital","Fondos privados","false","3.384","SI","0.0194",,"2026"
"CONTRATO CERRADO / DESEMBOLSO","202606","P05078","35000.0","35000.0","37285.5","37285.5","2285.5","2285.5","48","PEN","1.99","Cuota Fija","Bajo Medio","LIMA","LOS OLIVOS","casa","62430.0",,"37285.5","37285.5",,"0.161415","0.161415","0.838585","2026-01-05 17:43:42","2026-06-10 16:31:17","155","CONTRATO CERRADO / DESEMBOLSO","Digital","Fondos privados","true","3.384","SI","0.0653",,"2026"
"CONTRATO CERRADO / DESEMBOLSO","202602","P04689","89261.72","89261.72","105775.14","105775.14","16513.42","16513.42","60","PEN","1.28","Cuota Fija","Medio","LIMA","SAN BORJA","departamento","170679.0",,"105775.14","105775.14",,"0.167495","0.167495","0.832505","2026-01-06 21:12:48","2026-02-06 13:59:07","30","CONTRATO CERRADO / DESEMBOLSO","Digital","Inversionista P2P","true","3.384","SI","0.18500002016541917",,"2026"
"CONTRATO CERRADO / DESEMBOLSO","202602","P04694","50000.0","169200.0","50880.0","172177.91999999998","880.0","2977.92","60","USD","2.5","Cuota Fija","Bajo Medio","LIMA","SAN ISIDRO",,"96963.0",,"50880.0","50880.0",,"0.524736","0.524736","0.475264","2026-01-07 14:48:40","2026-02-05 22:54:52","29","CONTRATO CERRADO / DESEMBOLSO","Presencial","Fondos privados","false","3.384","SI","0.0176",,"2026"
"CONTRATO CERRADO / DESEMBOLSO","202601","P04654","23000.0","23000.0","30015.0","30015.0","7015.0","7015.0","36","PEN","2.01","Cuota Fija","Alto","TRUJILLO","TRUJILLO","casa","58992.0",,"30015.0","30015.0",,"0.137513","0.137513","0.862487","2026-01-07 20:16:14","2026-01-29 21:31:40","22","CONTRATO CERRADO / DESEMBOLSO","Digital","Inversionista P2P",,"3.384","SI","0.305",,"2026"
"CONTRATO CERRADO / DESEMBOLSO","202601","P04678","31000.0","31000.0","33263.0","33263.0","2263.0","2263.0","48","PEN","2.36","Cuota Fija","Moderado","CALLAO","CALLAO","casa","24581.0",,"33263.0","33263.0",,"0.36573","0.36573","0.63427","2026-01-09 22:20:00","2026-01-30 22:43:12","21","CONTRATO CERRADO / DESEMBOLSO","Digital","Fondos privados","false","3.384","SI","0.073",,"2026"
"CONTRATO CERRADO / DESEMBOLSO","202602","P04700","145000.0","145000.0","165300.0","165300.0","20300.0","20300.0","72","PEN","2.72","Cuota Fija","Moderado Medio","TRUJILLO","TRUJILLO","departamento","120963.0",,"165300.0","165300.0",,"0.369334","0.369334","0.630666","2026-01-12 17:34:58","2026-02-11 23:43:09","30","CONTRATO CERRADO / DESEMBOLSO","Digital","Inversionista P2P","false","3.384","SI","0.14",,"2026"
"CONTRATO CERRADO / DESEMBOLSO","202601","P04652","40000.0","40000.0","49600.0","49600.0","9600.0","9600.0","36","PEN","1.14","Cuota Fija","Medio","LIMA","SANTIAGO DE SURCO",,"76977.0",,"49600.0","49600.0",,"0.174148","0.174148","0.825852","2026-01-12 14:40:41","2026-01-28 22:15:09","16","CONTRATO CERRADO / DESEMBOLSO","Digital","Inversionista P2P","true","3.384","SI","0.24",,"2026"
"CONTRATO CERRADO / DESEMBOLSO","202601","P04662","70000.0","70000.0","71540.0","71540.0","1540.0","1540.0","72","PEN","3.03","Cuota Fija","Medio","TRUJILLO","TRUJILLO","departamento","99232.0",,"71540.0","71540.0",,"0.194848","0.194848","0.805152","2026-01-12 17:23:08","2026-01-26 22:30:08","14","CONTRATO CERRADO / DESEMBOLSO","Digital","Fondos privados","false","3.384","SI","0.022",,"2026"
"CONTRATO CERRADO / DESEMBOLSO","202602","P04709","500000.0","500000.0","503800.0","503800.0","3800.0","3800.0","36","PEN","2.5","Cuota Fija","Medio","HUANCAYO","EL TAMBO",,"2593969.0",,"503800.0","503800.0",,"0.052492","0.052492","0.947508","2026-01-12 20:55:41","2026-02-11 17:43:27","29","CONTRATO CERRADO / DESEMBOLSO","Digital","Fondos privados","false","3.384","SI","0.0076",,"2026"
"CONTRATO CERRADO / DESEMBOLSO","202602","P04692","140000.0","140000.0","143094.0","143094.0","3094.0","3094.0","72","PEN","3.0","Cuota Fija","Moderado Medio","PIURA","PIURA",,"211455.0",,"143094.0","143094.0",,"0.182895","0.182895","0.817105","2026-01-13 16:33:39","2026-02-03 22:51:05","21","CONTRATO CERRADO / DESEMBOLSO","Presencial","Fondos privados","false","3.384","SI","0.0221",,"2026"
"CONTRATO CERRADO / DESEMBOLSO","202603","P04795","34000.0","34000.0","36590.8","36590.8","2590.8","2590.8","36","PEN","4.0","Cuota Fija","Medio","PIURA","VEINTISEIS DE OCTUBRE",,"52773.0",,"36590.8","36590.8",,"0.187395","0.187395","0.812605","2026-01-14 17:34:37","2026-03-12 14:15:40","56","CONTRATO CERRADO / DESEMBOLSO","Presencial","Fondos privados","true","3.384","SI","0.0762",,"2026"
"CONTRATO CERRADO / DESEMBOLSO","202602","P04699","225000.0","225000.0","250875.0","250875.0","25875.0","25875.0","72","PEN","1.72","Cuota Fija","Bajo Medio","LIMA","LURIGANCHO",,"198492.0",,"250875.0","250875.0",,"0.341596","0.341596","0.658404","2026-01-15 13:51:51","2026-02-11 14:50:37","27","CONTRATO CERRADO / DESEMBOLSO","Presencial","Inversionista P2P","false","3.384","SI","0.115",,"2026"
"CONTRATO CERRADO / DESEMBOLSO","202602","P04725","52406.39","52406.39","64197.83","64197.83","11791.44","11791.44","72","PEN","1.46","Cuota Fija","Bajo Medio","LIMA","CERCADO DE LIMA",,"70165.0",,"64197.83","64197.83",,"0.247285","0.247285","0.752715","2026-01-15 22:57:03","2026-02-19 21:33:28","34","CONTRATO CERRADO / DESEMBOLSO","Digital","Inversionista P2P","false","3.384","SI","0.2250000429336957",,"2026"
"CONTRATO CERRADO / DESEMBOLSO","202602","P04718","110000.0","110000.0","124300.0","124300.0","14300.0","14300.0","36","PEN","1.48","Cuota Fija","Bajo Medio","LIMA","SAN MIGUEL",,"83936.0",,"124300.0","124300.0",,"0.400241","0.400241","0.5997589999999999","2026-01-16 14:41:43","2026-02-16 22:42:01","31","CONTRATO CERRADO / DESEMBOLSO","Presencial","Inversionista P2P",,"3.384","SI","0.13",,"2026"
"CONTRATO CERRADO / DESEMBOLSO","202602","P04691","80000.0","80000.0","82496.0","82496.0","2496.0","2496.0","72","PEN","2.47","Cuota Fija","Moderado Medio","LIMA","MAGDALENA DEL MAR","departamento","100235.0",,"82496.0","82496.0",,"0.222439","0.222439","0.777561","2026-01-19 16:12:53","2026-02-02 22:21:00","14","CONTRATO CERRADO / DESEMBOLSO","Digital","Fondos privados","true","3.384","SI","0.0312",,"2026"
"CONTRATO CERRADO / DESEMBOLSO","202603","P04871","58000.0","58000.0","60702.8","60702.8","2702.8","2702.8","60","PEN","2.85","Cuota Fija","Moderado","MORROPON","CHULUCANAS",,"68637.0",,"60702.8","60702.8",,"0.239028","0.239028","0.760972","2026-01-19 23:30:21","2026-03-31 22:08:15","70","CONTRATO CERRADO / DESEMBOLSO","Presencial","Fondos privados","false","3.384","SI","0.0466",,"2026"
"CONTRATO CERRADO / DESEMBOLSO","202601","P04671","100000.0","100000.0","102600.0","102600.0","2600.0","2600.0","60","PEN","2.3","Cuota Fija","Moderado","LIMA","CHORRILLOS","departamento","78123.0",,"102600.0","102600.0",,"0.35495","0.35495","0.64505","2026-01-20 19:10:15","2026-01-29 14:26:30","8","CONTRATO CERRADO / DESEMBOLSO","Digital","Fondos privados","false","3.384","SI","0.026",,"2026"
"CONTRATO CERRADO / DESEMBOLSO","202603","P04840","50000.0","50000.0","52355.0","52355.0","2355.0","2355.0","24","PEN","2.96","Cuota Fija","Bajo","LIMA","SAN JUAN DE LURIGANCHO",,"52062.0",,"52355.0","52355.0",,"0.271791","0.271791","0.728209","2026-01-20 21:38:21","2026-03-24 23:16:33","63","CONTRATO CERRADO / DESEMBOLSO","Digital","Fondos privados","false","3.317","SI","0.0471",,"2026"
"CONTRATO CERRADO / DESEMBOLSO","202602","P04738","122000.0","122000.0","125952.8","125952.8","3952.8","3952.8","120","PEN","1.8","Cuota Fija","Bajo Medio","LIMA","SAN MIGUEL",,"100395.0",,"125952.8","125952.8",,"0.339074","0.339074","0.660926","2026-01-21 14:18:28","2026-02-19 00:17:18","28","CONTRATO CERRADO / DESEMBOLSO","Presencial","Fondos privados","false","3.384","SI","0.0324",,"2026"
"CONTRATO CERRADO / DESEMBOLSO","202602","P04690","15000.0","15000.0","20850.0","20850.0","5850.0","5850.0","48","PEN","1.33","Cuota Fija","Moderado Medio","LIMA","COMAS","casa","69473.0",,"20850.0","20850.0",,"0.081113","0.081113","0.918887","2026-01-22 22:50:44","2026-02-07 15:44:18","15","CONTRATO CERRADO / DESEMBOLSO","Digital","Inversionista P2P","true","3.384","SI","0.39",,"2026"
"CONTRATO CERRADO / DESEMBOLSO","202602","P04707","50000.0","50000.0","52355.0","52355.0","2355.0","2355.0","48","PEN","2.31","Cuota Fija","Bajo Medio","LIMA","CHORRILLOS","departamento","71056.0",,"52355.0","52355.0",,"0.199139","0.199139","0.800861","2026-01-23 15:05:45","2026-02-10 22:29:49","18","CONTRATO CERRADO / DESEMBOLSO","Digital","Fondos privados","false","3.384","SI","0.0471",,"2026"
"CONTRATO CERRADO / DESEMBOLSO","202603","P04851","35000.0","35000.0","37285.5","37285.5","2285.5","2285.5","48","PEN","2.13","Cuota Fija","Moderado","LIMA","CERCADO DE LIMA",,"130718.0",,"37285.5","37285.5",,"0.077091","0.077091","0.922909","2026-01-26 21:34:17","2026-03-27 23:03:44","60","CONTRATO CERRADO / DESEMBOLSO","Digital","Fondos privados","true","3.384","SI","0.0653",,"2026"
"CONTRATO CERRADO / DESEMBOLSO","202602","P04721","35000.0","35000.0","44450.0","44450.0","9450.0","9450.0","48","PEN","1.36","Cuota Fija","Bajo Medio","LIMA","LINCE","departamento","89153.0",,"44450.0","44450.0",,"0.134752","0.134752","0.865248","2026-01-26 20:08:09","2026-02-18 23:03:03","23","CONTRATO CERRADO / DESEMBOLSO","Digital","Inversionista P2P","true","3.384","SI","0.27",,"2026"
"CONTRATO CERRADO / DESEMBOLSO","202602","P04763","50000.0","50000.0","63500.0","63500.0","13500.0","13500.0","72","PEN","1.58","Cuota Fija","Moderado Medio","LIMA","SAN MARTIN DE PORRES","casa","136678.0",,"63500.0","63500.0",,"0.125566","0.125566","0.8744339999999999","2026-01-28 16:43:28","2026-02-26 18:21:26","29","CONTRATO CERRADO / DESEMBOLSO","Digital","Inversionista P2P","true","3.346","SI","0.27",,"2026"
"CONTRATO CERRADO / DESEMBOLSO","202602","P04740","60000.0","60000.0","62406.0","62406.0","2406.0","2406.0","72","PEN","2.1","Cuota Fija","Moderado Medio","LIMA","CERCADO",,"131886.0",,"62406.0","62406.0",,"0.127887","0.127887","0.872113","2026-02-04 15:01:42","2026-02-23 14:03:05","18","CONTRATO CERRADO / DESEMBOLSO","Presencial","Fondos privados","true","3.346","SI","0.0401",,"2026"
"CONTRATO CERRADO / DESEMBOLSO","202602","P04758","175000.0","175000.0","191625.0","191625.0","16625.0","16625.0","72","PEN","1.75","Cuota Fija","Moderado","LIMA","MIRAFLORES","departamento","171020.0",,"191625.0","191625.0",,"0.302833","0.302833","0.697167","2026-02-05 15:57:20","2026-02-23 21:11:09","18","CONTRATO CERRADO / DESEMBOLSO","Digital","Inversionista P2P","false","3.346","SI","0.095",,"2026"
"CONTRATO CERRADO / DESEMBOLSO","202602","P04762","90000.0","90000.0","108900.0","108900.0","18900.0","18900.0","72","PEN","1.8","Cuota Fija","Medio","LIMA","SAN MARTIN DE PORRES",,"213476.0",,"108900.0","108900.0",,"0.137872","0.137872","0.862128","2026-02-05 16:01:31","2026-02-25 21:49:42","20","CONTRATO CERRADO / DESEMBOLSO","Digital","Inversionista P2P","true","3.346","SI","0.21",,"2026"
"CONTRATO CERRADO / DESEMBOLSO","202604","P04948","92000.0","92000.0","94557.6","94557.6","2557.6","2557.6","72","PEN","2.25","Cuota Fija","Moderado Medio","LIMA","LOS OLIVOS","departamento","71241.0",,"94557.6","94557.6",,"0.358728","0.358728","0.6412720000000001","2026-02-06 16:13:01","2026-04-29 22:40:41","82","CONTRATO CERRADO / DESEMBOLSO","Digital","Fondos privados","false","3.346","SI","0.0278",,"2026"
"CONTRATO CERRADO / DESEMBOLSO","202604","P04924","760000.0","760000.0","770108.0","770108.0","10108.0","10108.0","120","PEN","2.4","Cuota Fija","Medio","LIMA","MAGDALENA DEL MAR",,"414241.0",,"770108.0","770108.0",,"0.502455","0.502455","0.497545","2026-02-06 20:24:21","2026-04-21 21:09:20","74","CONTRATO CERRADO / DESEMBOLSO","Presencial","Fondos privados","false","3.317","SI","0.0133",,"2026"
"CONTRATO CERRADO / DESEMBOLSO","202603","P04797","50000.0","50000.0","64000.0","64000.0","14000.0","14000.0","36","PEN","1.5","Cuota Fija","Alto","LIMA","LURIN","casa","180366.0",,"64000.0","64000.0",,"0.095901","0.095901","0.904099","2026-02-10 16:00:57","2026-03-11 21:55:17","29","CONTRATO CERRADO / DESEMBOLSO","Digital","Inversionista P2P","true","3.346","SI","0.28",,"2026"
"CONTRATO CERRADO / DESEMBOLSO","202603","P04791","25000.0","25000.0","27552.5","27552.5","2552.5","2552.5","72","PEN","2.81","Cuota Fija","Moderado Medio","PIURA","VEINTISEIS DE OCTUBRE","casa","40802.0",,"27552.5","27552.5",,"0.182506","0.182506","0.8174939999999999","2026-02-11 16:42:31","2026-03-09 22:56:09","26","CONTRATO CERRADO / DESEMBOLSO","Digital","Fondos privados","true","3.346","SI","0.1021",,"2026"
"CONTRATO CERRADO / DESEMBOLSO","202603","P04816","100000.0","100000.0","101780.0","101780.0","1780.0","1780.0","24","PEN","2.75","Cuota Fija","Moderado","SANTA","NUEVO CHIMBOTE",,"199514.0",,"101780.0","101780.0",,"0.137876","0.137876","0.862124","2026-02-12 23:45:34","2026-03-18 00:17:17","33","CONTRATO CERRADO / DESEMBOLSO","Presencial","Fondos privados","true","3.346","SI","0.0178",,"2026"
"CONTRATO CERRADO / DESEMBOLSO","202603","P04863","72000.0","72000.0","74462.4","74462.4","2462.4","2462.4","72","PEN","2.2","Cuota Fija","Moderado","LIMA","SAN MARTIN DE PORRES","departamento","55684.0",,"74462.4","74462.4",,"0.361414","0.361414","0.638586","2026-02-13 21:47:12","2026-03-30 21:52:38","45","CONTRATO CERRADO / DESEMBOLSO","Digital","Fondos privados","false","3.317","SI","0.0342",,"2026"
"CONTRATO CERRADO / DESEMBOLSO","202603","P04775","102659.29","102659.29","120624.67","120624.67","17965.38","17965.38","48","PEN","1.64","Cuota Fija","Medio","LIMA","SAN JUAN DE LURIGANCHO",,"88341.0",,"120624.67","120624.67",,"0.369039","0.369039","0.630961","2026-02-17 21:44:13","2026-03-07 20:59:52","17","CONTRATO CERRADO / DESEMBOLSO","Digital","Inversionista P2P","false","3.346","SI","0.17500004139907846",,"2026"
"CONTRATO CERRADO / DESEMBOLSO","202603","P04807","50000.0","50000.0","61750.0","61750.0","11750.0","11750.0","60","PEN","1.4","Cuota Fija","Moderado","LIMA","SANTIAGO DE SURCO",,"71123.0",,"61750.0","61750.0",,"0.234652","0.234652","0.765348","2026-02-18 15:29:34","2026-03-18 14:47:12","27","CONTRATO CERRADO / DESEMBOLSO","Digital","Inversionista P2P","false","3.346","SI","0.235",,"2026"
"CONTRATO CERRADO / DESEMBOLSO","202603","P04793","70000.0","70000.0","71659.0","71659.0","1659.0","1659.0","72","PEN","2.9","Cuota Fija","Moderado","CHICLAYO","CHICLAYO",,"53792.0",,"71659.0","71659.0",,"0.360041","0.360041","0.639959","2026-02-17 19:26:16","2026-03-12 21:05:12","23","CONTRATO CERRADO / DESEMBOLSO","Digital","Fondos privados","false","3.346","SI","0.0237",,"2026"
"CONTRATO CERRADO / DESEMBOLSO","202602","P04767","40000.0","40000.0","51800.0","51800.0","11800.0","11800.0","72","PEN","1.6","Cuota Fija","Moderado Medio","LIMA","VILLA EL SALVADOR","casa","105189.0",,"51800.0","51800.0",,"0.133094","0.133094","0.866906","2026-02-18 21:12:50","2026-02-28 14:27:59","9","CONTRATO CERRADO / DESEMBOLSO","Digital","Inversionista P2P","true","3.346","SI","0.295",,"2026"
"CONTRATO CERRADO / DESEMBOLSO","202603","P04830","100000.0","100000.0","116000.0","116000.0","16000.0","16000.0","72","PEN","1.58","Cuota Fija","Bajo Medio","LIMA","SAN MARTIN DE PORRES","casa","158598.0",,"116000.0","116000.0",,"0.197678","0.197678","0.802322","2026-02-18 17:41:10","2026-03-27 22:35:13","37","CONTRATO CERRADO / DESEMBOLSO","Digital","Inversionista P2P","false","3.346","SI","0.16",,"2026"
"CONTRATO CERRADO / DESEMBOLSO","202603","P04780","130000.0","130000.0","150800.0","150800.0","20800.0","20800.0","36","PEN","2.57","Cuota Fija","Medio","CAÑETE","MALA","casa","112386.0",,"150800.0","150800.0",,"0.36265","0.36265","0.6373500000000001","2026-02-19 14:08:49","2026-03-10 17:06:01","19","CONTRATO CERRADO / DESEMBOLSO","Digital","Inversionista P2P","false","3.346","SI","0.16",,"2026"
"CONTRATO CERRADO / DESEMBOLSO","202603","P04779","260000.0","260000.0","283400.0","283400.0","23400.0","23400.0","84","PEN","1.97","Cuota Fija","Moderado Medio","CAÑETE","ASIA","casa","196052.0",,"283400.0","283400.0",,"0.390685","0.390685","0.609315","2026-02-18 22:05:27","2026-03-10 21:26:41","19","CONTRATO CERRADO / DESEMBOLSO","Digital","Inversionista P2P","false","3.346","SI","0.09",,"2026"
"CONTRATO CERRADO / DESEMBOLSO","202603","P04849","202319.38","202319.38","205394.64","205394.64","3075.26","3075.26","84","PEN","2.18","Cuota Fija","Bajo","LIMA","MIRAFLORES",,"155267.0",,"205394.64","205394.64",,"0.357526","0.357526","0.642474","2026-02-19 22:21:36","2026-03-27 14:51:19","35","CONTRATO CERRADO / DESEMBOLSO","Digital","Fondos privados","false","3.346","SI","0.015200026809097577",,"2026"
"CONTRATO CERRADO / DESEMBOLSO","202604","P04905","60000.0","60000.0","62406.0","62406.0","2406.0","2406.0","72","PEN","2.15","Cuota Fija","Bajo Medio","LIMA","SAN JUAN DE LURIGANCHO","departamento","42673.0",,"62406.0","62406.0",,"0.39525","0.39525","0.60475","2026-02-20 22:22:10","2026-04-16 23:13:02","55","CONTRATO CERRADO / DESEMBOLSO","Digital","Fondos privados","false","3.346","SI","0.0401",,"2026"
"CONTRATO CERRADO / DESEMBOLSO","202603","P04796","300000.0","300000.0","303540.0","303540.0","3540.0","3540.0","12","PEN","2.1","Cuota Fija","Moderado","LIMA","SANTIAGO DE SURCO",,"209469.0",,"303540.0","303540.0",,"0.391647","0.391647","0.6083529999999999","2026-02-23 16:49:22","2026-03-14 01:21:24","18","CONTRATO CERRADO / DESEMBOLSO","Presencial","Fondos privados","false","3.346","SI","0.0118",,"2026"
"CONTRATO CERRADO / DESEMBOLSO","202603","P04785","41950.06","41950.06","53276.58","53276.58","11326.52","11326.52","60","PEN","1.61","Cuota Fija","Moderado Medio","LIMA","SANTA ANITA",,"52910.0",,"53276.58","53276.58",,"0.272143","0.272143","0.727857","2026-02-23 20:46:27","2026-03-14 14:24:20","18","CONTRATO CERRADO / DESEMBOLSO","Digital","Inversionista P2P","false","3.346","SI","0.27000009058389907",,"2026"
"CONTRATO CERRADO / DESEMBOLSO","202603","P04806","32231.549999999996","32231.549999999996","41901.02","41901.02","9669.47","9669.47","24","PEN","1.6","Cuota Fija","Alto","LIMA","SAN JUAN DE MIRAFLORES",,"98562.0",,"41901.02","41901.02",,"0.114898","0.114898","0.885102","2026-02-23 19:45:42","2026-03-18 14:47:04","22","CONTRATO CERRADO / DESEMBOLSO","Digital","Inversionista P2P","true","3.346","SI","0.30000015512750705",,"2026"
"CONTRATO CERRADO / DESEMBOLSO","202603","P04832","220000.0","220000.0","224906.0","224906.0","4906.0","4906.0","60","PEN","1.74","Cuota Fija","Moderado","CALLAO","CALLAO",,"215753.0",,"224906.0","224906.0",,"0.281736","0.281736","0.718264","2026-02-23 23:39:38","2026-03-24 02:30:28","28","CONTRATO CERRADO / DESEMBOLSO","Presencial","Fondos privados","false","3.317","SI","0.0223",,"2026"
"CONTRATO CERRADO / DESEMBOLSO","202603","P04798","70000.0","70000.0","84350.0","84350.0","14350.0","14350.0","72","PEN","1.51","Cuota Fija","Moderado","LIMA","LOS OLIVOS","casa","108058.0",,"84350.0","84350.0",,"0.210973","0.210973","0.789027","2026-02-23 20:37:27","2026-03-16 16:29:58","20","CONTRATO CERRADO / DESEMBOLSO","Digital","Inversionista P2P","true","3.346","SI","0.205",,"2026"
"CONTRATO CERRADO / DESEMBOLSO","202604","P04885 ","20000.0","20000.0","21302.0","21302.0","1302.0","1302.0","24","PEN","1.8","Cuota Fija","Bajo Medio","TRUJILLO","TRUJILLO","casa","244110.0",,"21302.0","21302.0",,"0.023585","0.023585","0.976415","2026-02-23 21:20:18","2026-04-09 21:17:11","44","CONTRATO CERRADO / DESEMBOLSO","Digital","Fondos privados","true","1.0","SI","0.0651",,"2026"
"CONTRATO CERRADO / DESEMBOLSO","202603","P04781","80000.0","80000.0","94800.0","94800.0","14800.0","14800.0","36","PEN","1.45","Cuota Fija","Moderado Medio","LIMA","SAN MIGUEL","departamento","128126.0",,"94800.0","94800.0",,"0.199972","0.199972","0.800028","2026-02-24 19:26:22","2026-03-11 20:40:57","15","CONTRATO CERRADO / DESEMBOLSO","Digital","Inversionista P2P","true","3.346","SI","0.185",,"2026"
"CONTRATO CERRADO / DESEMBOLSO","202603","P04843","51000.0","51000.0","52545.3","52545.3","1545.3","1545.3","72","PEN","2.92","Cuota Fija","Moderado","SANTA","NUEVO CHIMBOTE","casa","62730.0",,"52545.3","52545.3",,"0.22639","0.22639","0.77361","2026-02-26 17:03:16","2026-03-25 14:10:09","26","CONTRATO CERRADO / DESEMBOLSO","Digital","Fondos privados","false","3.317","SI","0.0303",,"2026"
"CONTRATO CERRADO / DESEMBOLSO","202607","P05146","470000.0","470000.0","498200.0","498200.0","28200.0","28200.0","48","PEN","1.6","Cuota Fija","Moderado","CASMA","CASMA",,"555000.0",,"498200.0","498200.0",,"0.24261","0.24261","0.75739","2026-03-02 21:48:00","2026-07-01 15:29:04","120","CONTRATO CERRADO / DESEMBOLSO","Presencial","Inversionista P2P","false","3.317","SI","0.06",,"2026"
"CONTRATO CERRADO / DESEMBOLSO","202603","P04802","40000.0","40000.0","51200.0","51200.0","11200.0","11200.0","72","PEN","1.52","Cuota Fija","Moderado","LIMA ","SAN JUAN DE LURIGANCHO","departamento","109195.0",,"51200.0","51200.0",,"0.126726","0.126726","0.873274","2026-03-04 15:30:05","2026-03-17 21:48:02","13","CONTRATO CERRADO / DESEMBOLSO","Digital","Inversionista P2P","true","3.317","SI","0.28",,"2026"
"CONTRATO CERRADO / DESEMBOLSO","202603","P04820","186607.16","186607.16","206200.92","206200.92","19593.76","19593.76","36","PEN","1.7","Cuota Fija","Bajo Medio","LIMA","SANTA ANITA",,"154614.0",,"206200.92","206200.92",,"0.360446","0.360446","0.639554","2026-03-04 20:12:15","2026-03-18 19:48:10","13","CONTRATO CERRADO / DESEMBOLSO","Digital","Inversionista P2P","false","3.317","SI","0.10500004394257968",,"2026"
"CONTRATO CERRADO / DESEMBOLSO","202604","P04903","200000.0","200000.0","203060.0","203060.0","3060.0","3060.0","72","PEN","2.1","Cuota Fija","Bajo Medio","LIMA","MIRAFLORES","casa","434682.0",,"203060.0","203060.0",,"0.126256","0.126256","0.873744","2026-03-04 20:58:35","2026-04-16 21:29:43","43","CONTRATO CERRADO / DESEMBOLSO","Digital","Fondos privados","true","3.317","SI","0.0153",,"2026"
"CONTRATO CERRADO / DESEMBOLSO","202603","P04866","200000.0","200000.0","203060.0","203060.0","3060.0","3060.0","72","PEN","2.28","Cuota Fija","Moderado","CALLAO","CALLAO",,"156261.0",,"203060.0","203060.0",,"0.351214","0.351214","0.648786","2026-03-06 16:30:29","2026-03-31 21:00:15","25","CONTRATO CERRADO / DESEMBOLSO","Presencial","Fondos privados","false","3.317","SI","0.0153",,"2026"
"CONTRATO CERRADO / DESEMBOLSO","202603","P04867","47000.0","47000.0","48433.5","48433.5","1433.5","1433.5","60","PEN","3.0","Cuota Fija","Medio","TRUJILLO","TRUJILLO",,"57720.0",,"48433.5","48433.5",,"0.226787","0.226787","0.773213","2026-03-06 20:24:58","2026-03-31 22:08:35","25","CONTRATO CERRADO / DESEMBOLSO","Presencial","Fondos privados","false","3.317","SI","0.0305",,"2026"
"CONTRATO CERRADO / DESEMBOLSO","202603","P04847","53389.520000000004","53389.520000000004","56080.36","56080.36","2690.84","2690.84","72","PEN","2.75","Cuota Fija","Moderado","PIURA","CASTILLA",,"139524.0",,"56080.36","56080.36",,"0.108633","0.108633","0.891367","2026-03-09 20:42:11","2026-03-26 14:06:07","16","CONTRATO CERRADO / DESEMBOLSO","Digital","Fondos privados","true","1.0","SI","0.0504001534383527",,"2026"
"CONTRATO CERRADO / DESEMBOLSO","202604","P04910","66000.0","66000.0","68428.8","68428.8","2428.8","2428.8","36","PEN","2.76","Cuota Fija","Medio","LIMA","SAN JUAN DE MIRAFLORES",,"50178.0",,"68428.8","68428.8",,"0.368573","0.368573","0.631427","2026-03-13 04:59:09","2026-04-17 22:01:43","35","CONTRATO CERRADO / DESEMBOLSO","Presencial","Fondos privados","false","3.317","SI","0.0368",,"2026"
"CONTRATO CERRADO / DESEMBOLSO","202603","P04844","64449.229999999996","64449.229999999996","66872.53","66872.53","2423.3","2423.3","66","PEN","2.27","Cuota Fija","Moderado","LIMA","SAN MIGUEL",,"74624.0",,"66872.53","66872.53",,"0.242196","0.242196","0.757804","2026-03-11 23:22:18","2026-03-26 23:19:56","14","CONTRATO CERRADO / DESEMBOLSO","Digital","Fondos privados","true","1.0","SI","0.037600138900030305",,"2026"
"CONTRATO CERRADO / DESEMBOLSO","202603","P04861","40000.0","40000.0","51200.0","51200.0","11200.0","11200.0","36","PEN","1.45","Cuota Fija","Moderado","CALLAO","LA PERLA","departamento","45408.0",,"51200.0","51200.0",,"0.304745","0.304745","0.695255","2026-03-12 21:21:43","2026-03-31 14:26:41","18","CONTRATO CERRADO / DESEMBOLSO","Digital","Inversionista P2P","false","3.317","SI","0.28",,"2026"
"CONTRATO CERRADO / DESEMBOLSO","202604"," P04883","55000.0","55000.0","68475.0","68475.0","13475.0","13475.0","72","PEN","1.53","Cuota Fija","Moderado Medio","LIMA","SANTIAGO DE SURCO","departamento","42492.0",,"68475.0","68475.0",,"0.435535","0.435535","0.564465","2026-03-12 15:10:34","2026-04-11 16:27:52","30","CONTRATO CERRADO / DESEMBOLSO","Digital","Inversionista P2P","false","3.317","SI","0.245",,"2026"
"CONTRATO CERRADO / DESEMBOLSO","202604","P04949","87000.0","87000.0","88722.6","88722.6","1722.6","1722.6","72","PEN","3.1","Cuota Fija","Bajo Medio","CHICLAYO","CHICLAYO",,"67403.0",,"88722.6","88722.6",,"0.355757","0.355757","0.644243","2026-03-13 17:34:11","2026-04-29 23:22:33","47","CONTRATO CERRADO / DESEMBOLSO","Presencial","Fondos privados","false","3.317","SI","0.019799999999999998",,"2026"
"CONTRATO CERRADO / DESEMBOLSO","202605","P05018","153000.0","153000.0","155845.8","155845.8","2845.8","2845.8","12","PEN","2.59","Amortizacion libre","Moderado","LIMA","BARRANCO","departamento","94135.0",,"155845.8","155845.8",,"0.447448","0.447448","0.5525519999999999","2026-03-16 17:19:31","2026-05-22 22:09:31","67","CONTRATO CERRADO / DESEMBOLSO","Digital","Fondos privados","false","3.317","SI","0.018600000000000002",,"2026"
"CONTRATO CERRADO / DESEMBOLSO","202603","P04875","804387.45","804387.45","815005.37","815005.37","10617.92","10617.92","66","PEN","1.95","Cuota Fija","Moderado","PISCO","PISCO",,"549432.0",,"815005.37","815005.37",,"0.400908","0.400908","0.599092","2026-03-16 19:17:06","2026-03-31 23:25:17","15","CONTRATO CERRADO / DESEMBOLSO","Presencial","Fondos privados","false","3.317","SI","0.013200007036410128",,"2026"
"CONTRATO CERRADO / DESEMBOLSO","202604","P04879","100000.0","100000.0","116500.0","116500.0","16500.0","16500.0","72","PEN","1.49","Cuota Fija","Bajo Medio","LIMA","MIRAFLORES",,"101651.0",,"116500.0","116500.0",,"0.309751","0.309751","0.690249","2026-03-23 14:22:03","2026-04-07 15:54:38","15","CONTRATO CERRADO / DESEMBOLSO","Digital","Inversionista P2P","true","3.317","SI","0.165",,"2026"
"CONTRATO CERRADO / DESEMBOLSO","202603","P04869","45819.04","45819.04","48155.82","48155.82","2336.78","2336.78","72","PEN","1.93","Cuota Fija","Moderado","LIMA","JESUS MARIA",,"119214.0",,"48155.82","48155.82",,"0.109174","0.109174","0.890826","2026-03-20 23:45:52","2026-03-31 14:32:00","10","CONTRATO CERRADO / DESEMBOLSO","Digital","Fondos privados","true","3.317","SI","0.05100019555189284",,"2026"
"CONTRATO CERRADO / DESEMBOLSO","202604"," P04881","15000.0","15000.0","20775.0","20775.0","5775.0","5775.0","24","PEN","1.28","Cuota Fija","Moderado","LIMA","COMAS","departamento","40600.0",,"20775.0","20775.0",,"0.138297","0.138297","0.861703","2026-03-20 16:28:27","2026-04-09 16:59:13","20","CONTRATO CERRADO / DESEMBOLSO","Digital","Inversionista P2P","true","3.317","SI","0.385",,"2026"
"CONTRATO CERRADO / DESEMBOLSO","202604","P04908","64000.0","212288.0","64640.0","214410.88","640.0","2122.88","36","USD","2.5","Cuota Fija","Medio","TRUJILLO","TRUJILLO",,"227189.0",,"64640.0","64640.0",,"0.284521","0.284521","0.715479","2026-03-25 00:08:34","2026-04-17 14:14:22","23","CONTRATO CERRADO / DESEMBOLSO","Presencial","Fondos privados","false","3.317","SI","0.01",,"2026"
"CONTRATO CERRADO / DESEMBOLSO","202604","P04901","182357.16999999998","182357.16999999998","185347.83","185347.83","2990.66","2990.66","72","PEN","2.4","Cuota Fija","Moderado","LIMA","CARABAYLLO",,"151971.0",,"185347.83","185347.83",,"0.329629","0.329629","0.670371","2026-03-25 20:07:19","2026-04-15 14:49:51","20","CONTRATO CERRADO / DESEMBOLSO","Digital","Fondos privados","false","3.317","SI","0.01640001322679004",,"2026"
"CONTRATO CERRADO / DESEMBOLSO","202605","P05015","130000.0","130000.0","132743.0","132743.0","2743.0","2743.0","72","PEN","2.8","Cuota Fija","Bajo Medio","LIMA","SAN LUIS","departamento","125410.0",,"132743.0","132743.0",,"0.286074","0.286074","0.7139260000000001","2026-03-25 20:36:28","2026-05-21 19:51:44","56","CONTRATO CERRADO / DESEMBOLSO","Digital","Fondos privados","false","3.317","SI","0.0211",,"2026"
"CONTRATO CERRADO / DESEMBOLSO","202604","P04897","81199.39","81199.39","83708.46","83708.46","2509.07","2509.07","60","PEN","1.97","Cuota Fija","Bajo Medio","LIMA","LOS OLIVOS",,"71462.0",,"83708.46","83708.46",,"0.316586","0.316586","0.683414","2026-03-26 17:42:00","2026-04-14 22:28:05","19","CONTRATO CERRADO / DESEMBOLSO","Digital","Fondos privados","false","3.317","SI","0.030900108978651197",,"2026"
"CONTRATO CERRADO / DESEMBOLSO","202604","P04906","160000.0","160000.0","164320.0","164320.0","4320.0","4320.0","120","PEN","1.85","Cuota Fija","Bajo","LIMA","BARRANCO",,"105566.0",,"164320.0","164320.0",,"0.420692","0.420692","0.5793079999999999","2026-03-27 15:24:50","2026-04-16 22:51:47","20","CONTRATO CERRADO / DESEMBOLSO","Presencial","Fondos privados",,"3.32","SI","0.027",,"2026"
"CONTRATO CERRADO / DESEMBOLSO","202606","P05105","20000.0","20000.0","27400.0","27400.0","7400.0","7400.0","18","PEN","1.28","Cuota Fija","Moderado Medio","LIMA","VILLA EL SALVADOR","local","61847.0",,"27400.0","27400.0",,"0.119738","0.119738","0.880262","2026-03-27 14:26:19","2026-06-17 19:29:09","82","CONTRATO CERRADO / DESEMBOLSO","Digital","Inversionista P2P","false","3.343","SI","0.37",,"2026"
"CONTRATO CERRADO / DESEMBOLSO","202604","P04939","20000.0","20000.0","25700.0","25700.0","5700.0","5700.0","48","PEN","1.49","Cuota Fija","Medio","TRUJILLO","LA ESPERANZA",,"20674.0",,"25700.0","25700.0",,"0.335975","0.335975","0.664025","2026-03-27 16:50:05","2026-04-30 23:09:10","34","CONTRATO CERRADO / DESEMBOLSO","Presencial","Inversionista P2P","false","3.317","SI","0.285",,"2026"
"CONTRATO CERRADO / DESEMBOLSO","202605","P05017","210000.0","210000.0","214809.0","214809.0","4809.0","4809.0","60","PEN","2.15","Cuota Fija","Moderado","CAÑETE","ASIA",,"160705.0",,"214809.0","214809.0",,"0.361261","0.361261","0.638739","2026-03-30 21:36:44","2026-05-22 17:37:20","52","CONTRATO CERRADO / DESEMBOLSO","Presencial","Fondos privados","false","3.32","SI","0.0229",,"2026"
"CONTRATO CERRADO / DESEMBOLSO","202604","P04902","149540.76","149540.76","152367.09","152367.09","2826.33","2826.33","96","PEN","1.91","Cuota Fija","Bajo","LIMA","SANTIAGO DE SURCO",,,,"152367.09","152367.09",,,,"1.0","2026-03-31 17:07:06","2026-04-15 13:54:35","14","CONTRATO CERRADO / DESEMBOLSO","Digital","Fondos privados","true","1.0","SI","0.018900064437281178",,"2026"
"CONTRATO CERRADO / DESEMBOLSO","202604","P04944","86000.0","86000.0","89612.0","89612.0","3612.0","3612.0","60","PEN","1.7","Cuota Fija","Bajo Medio","TRUJILLO","LA ESPERANZA",,"87828.0",,"89612.0","89612.0",,"0.27576","0.27576","0.72424","2026-03-31 20:24:30","2026-04-28 14:26:41","27","CONTRATO CERRADO / DESEMBOLSO","Presencial","Fondos privados","false","3.32","SI","0.042",,"2026"
"CONTRATO CERRADO / DESEMBOLSO","202605","P04990","43000.0","43000.0","45322.0","45322.0","2322.0","2322.0","36","PEN","2.16","Cuota Fija","Moderado","CAÑETE","CAÑETE","casa","90257.0",,"45322.0","45322.0",,"0.135715","0.135715","0.864285","2026-04-01 20:15:28","2026-05-15 22:59:14","44","CONTRATO CERRADO / DESEMBOLSO","Digital","Fondos privados","true","3.32","SI","0.054",,"2026"
"CONTRATO CERRADO / DESEMBOLSO","202604","P04915","234817.66","234817.66","255951.25","255951.25","21133.59","21133.59","72","PEN","1.7","Cuota Fija","Bajo","LIMA","LA VICTORIA",,"281523.0",,"255951.25","255951.25",,"0.245721","0.245721","0.754279","2026-04-07 19:07:48","2026-04-22 20:53:58","15","CONTRATO CERRADO / DESEMBOLSO","Digital","Inversionista P2P","false","1.0","SI","0.09000000255517408",,"2026"
"CONTRATO CERRADO / DESEMBOLSO","202604","P04940","15000.0","15000.0","16401.0","16401.0","1401.0","1401.0","48","PEN","3.14","Cuota Fija","Medio","CHICLAYO","CHICLAYO","local","19023.0",,"16401.0","16401.0",,"0.233018","0.233018","0.766982","2026-04-09 19:28:10","2026-04-27 16:55:40","17","CONTRATO CERRADO / DESEMBOLSO","Digital","Fondos privados","false","3.32","SI","0.0934",,"2026"
"CONTRATO CERRADO / DESEMBOLSO","202605","P04995","150000.0","150000.0","168750.0","168750.0","18750.0","18750.0","72","PEN","1.3","Cuota Fija","Medio","LIMA","VILLA MARIA DEL TRIUNFO",,"175397.0",,"168750.0","168750.0",,"0.260028","0.260028","0.7399720000000001","2026-04-10 15:52:23","2026-05-19 17:04:07","39","CONTRATO CERRADO / DESEMBOLSO","Presencial","Inversionista P2P","false","3.32","SI","0.125",,"2026"
"CONTRATO CERRADO / DESEMBOLSO","202604","P04943","15000.0","15000.0","16401.0","16401.0","1401.0","1401.0","24","PEN","2.9","Cuota Fija","Moderado","CHICLAYO","CHICLAYO","departamento","51749.0",,"16401.0","16401.0",,"0.085658","0.085658","0.914342","2026-04-14 19:41:08","2026-04-28 22:03:14","14","CONTRATO CERRADO / DESEMBOLSO","Digital","Fondos privados","true","3.32","SI","0.0934",,"2026"
"CONTRATO CERRADO / DESEMBOLSO","202605","P04999","120000.0","120000.0","139200.0","139200.0","19200.0","19200.0","72","PEN","1.83","Cuota Fija","Moderado","CALLAO","BELLAVISTA","casa","251443.0",,"139200.0","139200.0",,"0.149623","0.149623","0.8503769999999999","2026-04-15 14:56:21","2026-05-21 14:47:55","35","CONTRATO CERRADO / DESEMBOLSO","Digital","Inversionista P2P","false","3.32","SI","0.16",,"2026"
"CONTRATO CERRADO / DESEMBOLSO","202604","P04932","45000.0","45000.0","55800.0","55800.0","10800.0","10800.0","60","PEN","1.39","Cuota Fija","Moderado","LIMA","ATE","casa","117034.0",,"55800.0","55800.0",,"0.128861","0.128861","0.871139","2026-04-15 22:17:11","2026-04-29 22:34:10","14","CONTRATO CERRADO / DESEMBOLSO","Digital","Inversionista P2P","true","3.32","SI","0.24",,"2026"
"CONTRATO CERRADO / DESEMBOLSO","202605","P04969","89055.15","89055.15","103749.25","103749.25","14694.1","14694.1","96","PEN","1.38","Cuota Fija","Moderado","LIMA","SAN BORJA",,"138204.0",,"103749.25","103749.25",,"0.202891","0.202891","0.7971090000000001","2026-04-20 13:26:20","2026-05-11 14:20:16","21","CONTRATO CERRADO / DESEMBOLSO","Digital","Inversionista P2P","true","3.32","SI","0.16500000280724922",,"2026"
"CONTRATO CERRADO / DESEMBOLSO","202605","P04983","35288.65","35288.65","37571.83","37571.83","2283.18","2283.18","48","PEN","2.22","Cuota Fija","Bajo Medio","LIMA","LOS OLIVOS",,"183150.0",,"37571.83","37571.83",,"0.055444","0.055444","0.944556","2026-04-20 13:35:55","2026-05-14 13:52:09","24","CONTRATO CERRADO / DESEMBOLSO","Digital","Fondos privados","true","3.32","SI","0.06470012312740782",,"2026"
"CONTRATO CERRADO / DESEMBOLSO","202606","P05072","850000.0","850000.0","861050.0","861050.0","11050.0","11050.0","36","PEN","0.84","Cuota Fija","Moderado Medio","LIMA","SANTIAGO DE SURCO",,"478969.0",,"861050.0","861050.0",,"0.485869","0.485869","0.514131","2026-04-17 22:19:52","2026-06-01 22:48:37","45","CONTRATO CERRADO / DESEMBOLSO","Presencial","Fondos privados","false","3.32","SI","0.013",,"2026"
"CONTRATO CERRADO / DESEMBOLSO","202605","P05001","50000.0","50000.0","63750.0","63750.0","13750.0","13750.0","36","PEN","1.45","Cuota Fija","Medio","LIMA","VILLA EL SALVADOR","casa","120000.0",,"63750.0","63750.0",,"0.143581","0.143581","0.856419","2026-04-17 19:47:50","2026-05-22 16:07:06","34","CONTRATO CERRADO / DESEMBOLSO","Digital","Inversionista P2P","true","3.32","SI","0.275",,"2026"
"CONTRATO CERRADO / DESEMBOLSO","202605","P04954","90000.0","90000.0","106200.0","106200.0","16200.0","16200.0","24","PEN","1.1","Cuota Fija","Moderado","LIMA","SANTIAGO DE SURCO",,"186236.0",,"106200.0","106200.0",,"0.15412","0.15412","0.84588","2026-04-20 14:32:26","2026-05-06 22:15:28","16","CONTRATO CERRADO / DESEMBOLSO","Digital","Inversionista P2P","true","3.32","SI","0.18",,"2026"
"CONTRATO CERRADO / DESEMBOLSO","202605","P05043","450000.0","450000.0","454725.0","454725.0","4725.0","4725.0","120","PEN","1.91","Cuota Fija","Moderado","LIMA","SAN BORJA",,"228097.0",,"454725.0","454725.0",,"0.5388","0.5388","0.46120000000000005","2026-04-20 22:21:18","2026-05-25 14:20:27","34","CONTRATO CERRADO / DESEMBOLSO","Digital","Fondos privados","false","3.32","SI","0.0105",,"2026"
"CONTRATO CERRADO / DESEMBOLSO","202605","P05014","460000.0","460000.0","465198.0","465198.0","5198.0","5198.0","96","PEN","2.3","Cuota Fija","Moderado","SULLANA","SULLANA",,"347103.0",,"465198.0","465198.0",,"0.362224","0.362224","0.637776","2026-04-20 23:54:47","2026-05-20 22:50:39","29","CONTRATO CERRADO / DESEMBOLSO","Presencial","Fondos privados","false","3.32","SI","0.0113",,"2026"
"CONTRATO CERRADO / DESEMBOLSO","202605","P04980","776133.04","776133.04","781954.04","781954.04","5821.0","5821.0","24","USD","1.72","Cuota Mixta","Bajo","LIMA","SAN BORJA",,"1155741.0",,"781954.04","781954.04",,"0.676582","0.676582","0.323418","2026-04-21 17:14:35","2026-05-13 23:06:03","22","CONTRATO CERRADO / DESEMBOLSO","Digital","Fondos privados","false","1.0","SI","0.0075000028345655785",,"2026"
"CONTRATO CERRADO / DESEMBOLSO","202605","P04965","40000.0","40000.0","42308.0","42308.0","2308.0","2308.0","72","PEN","2.6","Cuota Fija","Moderado","LIMA","SANTA ANITA","departamento","83896.0",,"42308.0","42308.0",,"0.136295","0.136295","0.863705","2026-04-23 17:46:42","2026-05-07 14:32:17","13","CONTRATO CERRADO / DESEMBOLSO","Digital","Fondos privados","true","3.32","SI","0.0577",,"2026"
"CONTRATO CERRADO / DESEMBOLSO","202606","P05092","30000.0","30000.0","39000.0","39000.0","9000.0","9000.0","72","PEN","1.3","Cuota Fija","Alto","LIMA","SANTIAGO DE SURCO","departamento","80309.0",,"39000.0","39000.0",,"0.13125","0.13125","0.86875","2026-04-23 21:53:32","2026-06-11 22:41:17","49","CONTRATO CERRADO / DESEMBOLSO","Digital","Inversionista P2P","true","3.32","SI","0.3",,"2026"
"CONTRATO CERRADO / DESEMBOLSO","202605","P04967","201005.43","201005.43","204080.82","204080.82","3075.39","3075.39","72","PEN","1.39","Cuota Fija","Moderado","LIMA","MIRAFLORES",,"317022.0",,"204080.82","204080.82",,"0.173985","0.173985","0.8260149999999999","2026-04-24 21:35:58","2026-05-08 21:27:30","13","CONTRATO CERRADO / DESEMBOLSO","Digital","Fondos privados","true","1.0","SI","0.015300034431905645",,"2026"
"CONTRATO CERRADO / DESEMBOLSO","202605","P04972","80000.0","80000.0","94800.0","94800.0","14800.0","14800.0","72","PEN","1.36","Cuota Fija","Bajo","LIMA","SAN BORJA","departamento","180777.0",,"94800.0","94800.0",,"0.141731","0.141731","0.858269","2026-04-27 17:34:36","2026-05-13 23:15:50","16","CONTRATO CERRADO / DESEMBOLSO","Digital","Inversionista P2P","true","3.32","SI","0.185",,"2026"
"CONTRATO CERRADO / DESEMBOLSO","202605","P05029","60000.0","60000.0","75900.0","75900.0","15900.0","15900.0","48","PEN","1.34","Cuota Fija","Bajo Medio","LIMA","CHORRILLOS","local","91847.0",,"75900.0","75900.0",,"0.223344","0.223344","0.776656","2026-04-27 20:01:24","2026-05-27 19:09:03","29","CONTRATO CERRADO / DESEMBOLSO","Digital","Inversionista P2P","false","3.343","SI","0.265",,"2026"
"CONTRATO CERRADO / DESEMBOLSO","202605","P05044","236878.31","236878.31","240123.55","240123.55","3245.24","3245.24","96","PEN","1.9","Cuota Fija","Moderado","LIMA","MIRAFLORES",,"397797.0",,"240123.55","240123.55",,"0.163144","0.163144","0.836856","2026-04-29 19:30:33","2026-05-30 21:05:18","31","CONTRATO CERRADO / DESEMBOLSO","Digital","Fondos privados","true","3.343","SI","0.013700030196939517",,"2026"
"CONTRATO CERRADO / DESEMBOLSO","202606","P05062","90000.0","90000.0","107550.0","107550.0","17550.0","17550.0","84","PEN","2.18","Cuota Fija","Bajo Medio","TRUJILLO","TRUJILLO",,"82200.0",,"107550.0","107550.0",,"0.35362","0.35362","0.64638","2026-05-01 04:39:06","2026-06-03 21:23:36","33","CONTRATO CERRADO / DESEMBOLSO","Presencial","Inversionista P2P","false","3.343","SI","0.195",,"2026"
"CONTRATO CERRADO / DESEMBOLSO","202605","P05038","210000.0","210000.0","232050.0","232050.0","22050.0","22050.0","72","PEN","1.88","Cuota Fija","Moderado","LIMA","LURIN","casa","161140.0",,"232050.0","232050.0",,"0.389203","0.389203","0.610797","2026-05-05 15:11:11","2026-05-29 21:36:45","24","CONTRATO CERRADO / DESEMBOLSO","Digital","Inversionista P2P","false","3.343","SI","0.105",,"2026"
"CONTRATO CERRADO / DESEMBOLSO","202605","P05037","50000.0","50000.0","63000.0","63000.0","13000.0","13000.0","72","PEN","1.52","Cuota Fija","Alto","HUAURA","HUACHO","casa","139289.0",,"63000.0","63000.0",,"0.122242","0.122242","0.877758","2026-05-05 20:37:11","2026-05-29 19:26:48","23","CONTRATO CERRADO / DESEMBOLSO","Digital","Inversionista P2P","true","3.343","SI","0.26",,"2026"
"CONTRATO CERRADO / DESEMBOLSO","202605","P05004","50000.0","50000.0","63500.0","63500.0","13500.0","13500.0","18","PEN","1.46","Cuota Fija","Moderado","LIMA","SAN JUAN DE LURIGANCHO",,"187104.0",,"63500.0","63500.0",,"0.091725","0.091725","0.9082749999999999","2026-05-05 17:11:00","2026-05-22 17:49:19","17","CONTRATO CERRADO / DESEMBOLSO","Digital","Inversionista P2P","true","3.343","SI","0.27",,"2026"
"CONTRATO CERRADO / DESEMBOLSO","202605","P05028","35000.0","35000.0","44975.0","44975.0","9975.0","9975.0","36","PEN","2.05","Cuota Fija","Alto","SANTA","NUEVO CHIMBOTE","casa","88904.0",,"44975.0","44975.0",,"0.136725","0.136725","0.863275","2026-05-05 23:11:05","2026-05-25 14:23:05","19","CONTRATO CERRADO / DESEMBOLSO","Digital","Inversionista P2P","true","3.343","SI","0.285",,"2026"
"CONTRATO CERRADO / DESEMBOLSO","202605","P04998","150000.0","150000.0","166500.0","166500.0","16500.0","16500.0","60","PEN","1.51","Cuota Fija","Bajo Medio","LIMA","COMAS","casa","240074.0",,"166500.0","166500.0",,"0.187442","0.187442","0.812558","2026-05-05 22:49:07","2026-05-21 20:25:12","15","CONTRATO CERRADO / DESEMBOLSO","Digital","Inversionista P2P","true","3.343","SI","0.11",,"2026"
"CONTRATO CERRADO / DESEMBOLSO","202606","P05061","60000.0","60000.0","72900.0","72900.0","12900.0","12900.0","72","PEN","1.43","Cuota Fija","Bajo","LIMA","PUNTA HERMOSA","casa","128262.0",,"72900.0","72900.0",,"0.153613","0.153613","0.846387","2026-05-08 14:36:27","2026-06-03 21:30:48","26","CONTRATO CERRADO / DESEMBOLSO","Digital","Inversionista P2P","true","3.343","SI","0.215",,"2026"
"CONTRATO CERRADO / DESEMBOLSO","202606","P05081","250000.0","250000.0","252500.0","252500.0","2500.0","2500.0","60","PEN","3.1","Cuota Fija","Moderado","SANTA ","NUEVO CHIMBOTE",,"183192.0",,"252500.0","252500.0",,"0.372523","0.372523","0.6274770000000001","2026-05-13 03:12:00","2026-06-11 15:22:26","29","CONTRATO CERRADO / DESEMBOLSO","Presencial","Fondos privados","false","3.343","SI","0.01",,"2026"
"CONTRATO CERRADO / DESEMBOLSO","202606","P05056","45000.0","45000.0","57150.0","57150.0","12150.0","12150.0","48","PEN","2.06","Cuota Fija","Moderado","LIMA","SAN MIGUEL",,"160206.0",,"57150.0","57150.0",,"0.096413","0.096413","0.903587","2026-05-13 16:32:51","2026-06-02 14:57:25","19","CONTRATO CERRADO / DESEMBOLSO","Digital","Inversionista P2P","true","1.0","SI","0.27",,"2026"
"CONTRATO CERRADO / DESEMBOLSO","202606","P05063","50000.0","50000.0","62250.0","62250.0","12250.0","12250.0","72","PEN","1.42","Cuota Fija","Bajo","LIMA","SAN MIGUEL","departamento","141973.0",,"62250.0","62250.0",,"0.118504","0.118504","0.8814960000000001","2026-05-15 02:13:03","2026-06-03 21:33:19","19","CONTRATO CERRADO / DESEMBOLSO","Digital","Inversionista P2P","true","3.343","SI","0.245",,"2026"
"CONTRATO CERRADO / DESEMBOLSO","202606","P05086","20000.0","20000.0","29400.0","29400.0","9400.0","9400.0","48","PEN","1.92","Cuota Fija","Medio","LIMA","EL AGUSTINO","departamento","53103.0",,"29400.0","29400.0",,"0.149633","0.149633","0.850367","2026-05-15 14:57:36","2026-06-10 22:04:10","26","CONTRATO CERRADO / DESEMBOLSO","Digital","Inversionista P2P","false","3.343","SI","0.47",,"2026"
"CONTRATO CERRADO / DESEMBOLSO","202606","P05113","100000.0","100000.0","119000.0","119000.0","19000.0","19000.0","72","PEN","2.31","Cuota Fija","Moderado","PIURA","VEINTISEIS DE OCTUBRE","casa","107005.0",,"119000.0","119000.0",,"0.300567","0.300567","0.699433","2026-05-15 15:55:25","2026-06-19 14:58:09","34","CONTRATO CERRADO / DESEMBOLSO","Digital","Inversionista P2P","false","3.343","SI","0.19",,"2026"
"CONTRATO CERRADO / DESEMBOLSO","202606","P05060","20000.0","20000.0","27200.0","27200.0","7200.0","7200.0","24","PEN","1.21","Cuota Fija","Moderado","LIMA","LINCE","departamento","65643.0",,"27200.0","27200.0",,"0.11199","0.11199","0.88801","2026-05-16 14:20:24","2026-06-03 17:48:43","18","CONTRATO CERRADO / DESEMBOLSO","Digital","Inversionista P2P","true","3.343","SI","0.36",,"2026"
"CONTRATO CERRADO / DESEMBOLSO","202606","P05088","120000.0","120000.0","144000.0","144000.0","24000.0","24000.0","72","PEN","2.38","Cuota Fija","Moderado","PIURA","PIURA","casa","106366.0",,"144000.0","144000.0",,"0.365896","0.365896","0.634104","2026-05-18 21:12:44","2026-06-10 22:04:20","23","CONTRATO CERRADO / DESEMBOLSO","Digital","Inversionista P2P","false","3.343","SI","0.2",,"2026"
"CONTRATO CERRADO / DESEMBOLSO","202606","P05123","54000.0","54000.0","68310.0","68310.0","14310.0","14310.0","36","PEN","1.44","Cuota Fija","Moderado Medio","LIMA","LOS OLIVOS",,"50480.0",,"68310.0","68310.0",,"0.365732","0.365732","0.634268","2026-05-19 21:02:25","2026-06-23 23:44:26","35","CONTRATO CERRADO / DESEMBOLSO","Digital","Inversionista P2P","false","3.343","SI","0.265",,"2026"
"CONTRATO CERRADO / DESEMBOLSO","202606","P05074","100000.0","100000.0","102600.0","102600.0","2600.0","2600.0","72","PEN","2.7","Cuota Fija","Bajo Medio","LIMA","SANTA ANITA","departamento","93749.0",,"102600.0","102600.0",,"0.295787","0.295787","0.704213","2026-05-21 16:18:14","2026-06-04 14:13:12","13","CONTRATO CERRADO / DESEMBOLSO","Digital","Fondos privados","false","3.343","SI","0.026",,"2026"
"CONTRATO CERRADO / DESEMBOLSO","202607","P05187","123118.84999999999","123118.84999999999","140355.49","140355.49","17236.64","17236.64","84","PEN","1.6","Cuota Fija","Moderado Medio","LIMA","SAN JUAN DE LURIGANCHO",,"107583.0",,"140355.49","140355.49",,"0.352601","0.352601","0.6473990000000001","2026-05-22 18:41:07","2026-07-15 02:15:47","53","CONTRATO CERRADO / DESEMBOLSO","Presencial","Inversionista P2P","false","3.351","SI","0.14000000812223312",,"2026"
"CONTRATO CERRADO / DESEMBOLSO","202607","P05161","100000.0","100000.0","122000.0","122000.0","22000.0","22000.0","72","PEN","2.15","Cuota Fija","Moderado","TRUILLO","TRUJILLO","casa","120370.0",,"122000.0","122000.0",,"0.27393","0.27393","0.72607","2026-05-25 14:10:36","2026-07-08 22:26:36","44","CONTRATO CERRADO / DESEMBOLSO","Digital","Inversionista P2P","true","3.343","SI","0.22",,"2026"
"CONTRATO CERRADO / DESEMBOLSO","202606","P05089","25000.0","25000.0","33250.0","33250.0","8250.0","8250.0","24","PEN","1.3","Cuota Fija","Medio","LIMA","LOS OLIVOS","casa","125385.0",,"33250.0","33250.0",,"0.071671","0.071671","0.928329","2026-05-25 20:30:47","2026-06-10 15:56:59","15","CONTRATO CERRADO / DESEMBOLSO","Digital","Inversionista P2P","true","3.351","SI","0.33",,"2026"
"CONTRATO CERRADO / DESEMBOLSO","202606","P05093","15000.0","15000.0","20025.0","20025.0","5025.0","5025.0","60","PEN","1.92","Cuota Fija","Alto","TRUJILLO","VICTOR LARCO HERRERA","departamento","64857.0",,"20025.0","20025.0",,"0.083448","0.083448","0.916552","2026-05-25 21:35:14","2026-06-11 22:30:41","17","CONTRATO CERRADO / DESEMBOLSO","Digital","Inversionista P2P","false","3.343","SI","0.335",,"2026"
"CONTRATO CERRADO / DESEMBOLSO","202606","P05102","85000.0","85000.0","104975.0","104975.0","19975.0","19975.0","72","PEN","1.55","Cuota Fija","Moderado","LIMA","SAN LUIS",,"102193.0",,"104975.0","104975.0",,"0.277628","0.277628","0.722372","2026-05-26 16:58:16","2026-06-16 23:09:11","21","CONTRATO CERRADO / DESEMBOLSO","Digital","Inversionista P2P","false","3.343","SI","0.235",,"2026"
"CONTRATO CERRADO / DESEMBOLSO","202606","P05087","15000.0","15000.0","20925.0","20925.0","5925.0","5925.0","12","PEN","1.2","Cuota Fija","Medio","LIMA","LOS OLIVOS","departamento","54243.0",,"20925.0","20925.0",,"0.104261","0.104261","0.895739","2026-05-26 21:44:10","2026-06-10 14:28:08","14","CONTRATO CERRADO / DESEMBOLSO","Digital","Inversionista P2P","true","3.343","SI","0.395",,"2026"
"CONTRATO CERRADO / DESEMBOLSO","202607","P05221","25000.0","25000.0","27245.0","27245.0","2245.0","2245.0","48","PEN","2.39","Cuota Fija","Moderado Medio","LIMA","INDEPENDENCIA","casa","107934.0",,"27245.0","27245.0",,"0.068222","0.068222","0.931778","2026-05-26 23:19:51","2026-07-20 15:40:04","54","CONTRATO CERRADO / DESEMBOLSO","Digital","Fondos privados","true","1.0","SI","0.0898",,"2026"
"CONTRATO CERRADO / DESEMBOLSO","202606","P05112","68000.0","68000.0","86020.0","86020.0","18020.0","18020.0","72","PEN","1.39","Cuota Fija","Bajo","LIMA","SANTA ANITA","casa","168273.0",,"86020.0","86020.0",,"0.13816","0.13816","0.8618399999999999","2026-05-29 23:02:50","2026-06-19 14:36:00","20","CONTRATO CERRADO / DESEMBOLSO","Digital","Inversionista P2P","true","3.351","SI","0.265",,"2026"
"CONTRATO CERRADO / DESEMBOLSO","202606","P05128","450000.0","450000.0","492750.0","492750.0","42750.0","42750.0","72","PEN","1.75","Cuota Fija","Moderado","LIMA","SANTIAGO DE SURCO","casa","255807.0",,"492750.0","492750.0",,"0.52061","0.52061","0.47939","2026-05-29 22:48:36","2026-06-23 21:21:01","24","CONTRATO CERRADO / DESEMBOLSO","Digital","Inversionista P2P","false","3.351","SI","0.095",,"2026"
"CONTRATO CERRADO / DESEMBOLSO","202607","P05150","270000.0","270000.0","292950.0","292950.0","22950.0","22950.0","60","PEN","0.89","Cuota Fija","Bajo","LIMA","MIRAFLORES",,"160037.0",,"292950.0","292950.0",,"0.494734","0.494734","0.505266","2026-06-05 20:25:29","2026-07-03 21:35:59","28","CONTRATO CERRADO / DESEMBOLSO","Digital","Inversionista P2P","false","3.351","SI","0.085",,"2026"
"CONTRATO CERRADO / DESEMBOLSO","202606"," P05130","145229.37","145229.37","165561.49","165561.49","20332.12","20332.12","84","PEN","1.45","Cuota Fija","Moderado","LIMA","SAN BORJA",,"188751.0",,"165561.49","165561.49",,"0.237065","0.237065","0.762935","2026-06-10 18:18:45","2026-06-24 20:25:04","14","CONTRATO CERRADO / DESEMBOLSO","Digital","Inversionista P2P","true","3.351","SI","0.1400000564624084",,"2026"
"CONTRATO CERRADO / DESEMBOLSO","202607","P05230","190000.0","190000.0","193021.0","193021.0","3021.0","3021.0","96","PEN","1.7","Cuota Fija","Bajo Medio","LIMA","SANTIAGO DE SURCO","casa","142100.0",,"193021.0","193021.0",,"0.367121","0.367121","0.632879","2026-06-15 22:34:25","2026-07-24 13:32:35","38","CONTRATO CERRADO / DESEMBOLSO","Digital","Fondos privados","true","3.351","SI","0.0159",,"2026"
"CONTRATO CERRADO / DESEMBOLSO","202606","P05126","25000.0","25000.0","32875.0","32875.0","7875.0","7875.0","36","PEN","1.16","Cuota Fija","Bajo Medio","LIMA","COMAS","departamento","49478.0",,"32875.0","32875.0",,"0.179578","0.179578","0.820422","2026-06-16 17:44:02","2026-06-26 23:09:53","10","CONTRATO CERRADO / DESEMBOLSO","Digital","Inversionista P2P","true","3.351","SI","0.315",,"2026"
"CONTRATO CERRADO / DESEMBOLSO","202607","P05158","27000.0","27000.0","35640.0","35640.0","8640.0","8640.0","36","PEN","1.31","Cuota Fija","Moderado Medio","LIMA","CARABAYLLO","casa","70205.0",,"35640.0","35640.0",,"0.137204","0.137204","0.862796","2026-06-18 16:45:46","2026-07-07 20:49:34","19","CONTRATO CERRADO / DESEMBOLSO","Digital","Inversionista P2P","true","3.351","SI","0.32",,"2026"
"CONTRATO CERRADO / DESEMBOLSO","202607","P05196","70000.0","70000.0","72457.0","72457.0","2457.0","2457.0","72","PEN","2.05","Cuota Fija","Bajo Medio","LIMA","SAN MIGUEL","departamento","80386.0",,"72457.0","72457.0",,"0.243612","0.243612","0.7563880000000001","2026-06-18 16:29:49","2026-07-13 22:13:18","25","CONTRATO CERRADO / DESEMBOLSO","Digital","Fondos privados","true","3.351","SI","0.0351",,"2026"
"CONTRATO CERRADO / DESEMBOLSO","202607","P05156","160000.0","160000.0","184000.0","184000.0","24000.0","24000.0","36","PEN","2.0","Cuota Fija","Medio","HUANCAYO","HUANCAYO","local","146146.0",,"184000.0","184000.0",,"0.340274","0.340274","0.659726","2026-06-18 19:33:48","2026-07-07 19:52:26","19","CONTRATO CERRADO / DESEMBOLSO","Digital","Inversionista P2P","false","3.351","SI","0.15",,"2026"
"CONTRATO CERRADO / DESEMBOLSO","202607","P05172","150000.0","150000.0","152835.0","152835.0","2835.0","2835.0","72","PEN","2.07","Cuota Fija","Bajo","LIMA","LA MOLINA","departamento","205653.0",,"152835.0","152835.0",,"0.200856","0.200856","0.799144","2026-06-22 15:49:19","2026-07-10 21:07:57","18","CONTRATO CERRADO / DESEMBOLSO","Digital","Fondos privados","true","3.351","SI","0.0189",,"2026"
"CONTRATO CERRADO / DESEMBOLSO","202607","P05195","100000.0","100000.0","102600.0","102600.0","2600.0","2600.0","84","PEN","1.94","Cuota Fija","Moderado Medio","LIMA","SANTIAGO DE SURCO","departamento","70387.0",,"102600.0","102600.0",,"0.393961","0.393961","0.606039","2026-06-23 15:18:11","2026-07-13 21:42:09","20","CONTRATO CERRADO / DESEMBOLSO","Digital","Fondos privados","false","3.351","SI","0.026",,"2026"
"CONTRATO CERRADO / DESEMBOLSO","202607","P05185","15000.0","15000.0","20925.0","20925.0","5925.0","5925.0","72","PEN","1.19","Cuota Fija","Moderado","LIMA","VILLA EL SALVADOR","casa","57659.0",,"20925.0","20925.0",,"0.098084","0.098084","0.9019159999999999","2026-06-24 19:52:00","2026-07-14 14:18:01","19","CONTRATO CERRADO / DESEMBOLSO","Digital","Inversionista P2P","true","3.351","SI","0.395",,"2026"
"CONTRATO CERRADO / DESEMBOLSO","202607"," P05190","150000.0","150000.0","174000.0","174000.0","24000.0","24000.0","36","PEN","1.65","Cuota Fija","Bajo Medio","LIMA","MAGDALENA DEL MAR","departamento","146031.0",,"174000.0","174000.0",,"0.322035","0.322035","0.6779649999999999","2026-06-25 16:38:13","2026-07-16 22:37:41","21","CONTRATO CERRADO / DESEMBOLSO","Digital","Inversionista P2P","true","3.359","SI","0.16",,"2026"
"CONTRATO CERRADO / DESEMBOLSO","202607","P05202","145000.0","145000.0","147813.0","147813.0","2813.0","2813.0","72","PEN","1.85","Cuota Fija","Bajo","LIMA","MIRAFLORES","departamento","80700.0",,"147813.0","147813.0",,"0.495037","0.495037","0.504963","2026-06-25 17:06:00","2026-07-17 19:56:30","22","CONTRATO CERRADO / DESEMBOLSO","Digital","Fondos privados","false","3.359","SI","0.0194",,"2026"
"CONTRATO CERRADO / DESEMBOLSO","202607","P05197","100432.09","100432.09","103033.29","103033.29","2601.2","2601.2","48","PEN","2.25","Cuota Fija","Moderado","LIMA","LOS OLIVOS",,"235116.0",,"103033.29","103033.29",,"0.118439","0.118439","0.881561","2026-06-30 16:09:31","2026-07-15 22:33:47","15","CONTRATO CERRADO / DESEMBOLSO","Digital","Fondos privados","true","3.359","SI","0.02590008830842811",,"2026"
"CONTRATO CERRADO / DESEMBOLSO","202607","P05199","60000.0","60000.0","62412.0","62412.0","2412.0","2412.0","120","PEN","1.91","Cuota Fija","Moderado","LIMA","SURQUILLO","departamento","84078.0",,"62412.0","62412.0",,"0.200625","0.200625","0.799375","2026-07-02 20:13:22","2026-07-16 21:54:17","14","CONTRATO CERRADO / DESEMBOLSO","Digital","Fondos privados","true","3.359","SI","0.0402",,"2026"
"CONTRATO CERRADO / DESEMBOLSO","202607","P05226","130000.0","130000.0","132743.0","132743.0","2743.0","2743.0","48","PEN","2.22","Cuota Fija","Moderado Medio","LIMA","SANTIAGO DE SURCO","departamento","134701.0",,"132743.0","132743.0",,"0.266342","0.266342","0.7336579999999999","2026-07-07 20:09:00","2026-07-22 23:09:23","15","CONTRATO CERRADO / DESEMBOLSO","Digital","Fondos privados","true","3.359","SI","0.0211",,"2026"
"CONTRATO CERRADO / DESEMBOLSO","202607","P05231","383709.11","383709.11","387661.32","387661.32","3952.21","3952.21","72","PEN","2.35","Cuota Fija","Bajo Medio","LIMA","LOS OLIVOS",,"201033.0",,"387661.32","387661.32",,"0.521175","0.521175","0.47882499999999995","2026-07-08 15:25:01","2026-07-24 14:46:34","15","CONTRATO CERRADO / DESEMBOLSO","Digital","Fondos privados","false","3.359","SI","0.010300016072070846",,"2026"
"CONTRATO CERRADO / DESEMBOLSO","202607","P05219","40000.0","40000.0","52200.0","52200.0","12200.0","12200.0","60","PEN","1.39","Cuota Fija","Moderado","LIMA","CERCADO","departamento","45500.0",,"52200.0","52200.0",,"0.310068","0.310068","0.689932","2026-07-08 23:08:12","2026-07-25 14:13:56","16","CONTRATO CERRADO / DESEMBOLSO","Digital","Inversionista P2P","false","3.359","SI","0.305",,"2026"
"CONTRATO CERRADO / DESEMBOLSO","202603","P04790","162147.75","162147.75","166509.53","166509.53","4361.78","4361.78","72","PEN","2.0","Cuota Fija","Moderado","LIMA","LURIN",,"182649.0",,"166509.53","166509.53",,"0.246388","0.246388","0.753612","2025-08-15 17:21:28","2026-03-09 22:30:31","206","CONTRATO CERRADO / DESEMBOLSO","Digital","Fondos privados","false","3.562","SI","0.026900034073861646",,"2026"
"CONTRATO CERRADO / DESEMBOLSO","202603","P04792","30000.0","30000.0","32262.0","32262.0","2262.0","2262.0","60","PEN","2.3","Cuota Fija","Moderado","LIMA","CERCADO",,"59985.0",,"32262.0","32262.0",,"0.145361","0.145361","0.854639","2025-10-01 15:57:42","2026-03-11 18:43:50","161","CONTRATO CERRADO / DESEMBOLSO","Presencial","Fondos privados","true","3.506","SI","0.0754",,"2026"
"CONTRATO CERRADO / DESEMBOLSO","202604","P04893","90000.0","90000.0","93654.0","93654.0","3654.0","3654.0","120","PEN","2.0","Cuota Fija","Moderado","LIMA","VILLA MARIA DEL TRIUNFO",,"197946.0",,"93654.0","93654.0",,"0.127873","0.127873","0.872127","2025-10-14 17:56:40","2026-04-13 22:16:13","181","CONTRATO CERRADO / DESEMBOLSO","Presencial","Fondos privados","true","3.506","SI","0.0406",,"2026"
"CONTRATO CERRADO / DESEMBOLSO","202601","P04665","60000.0","60000.0","61494.0","61494.0","1494.0","1494.0","36","PEN","3.2","Cuota Fija","Bajo Medio","TRUJILLO","TRUJILLO",,"88945.0",,"61494.0","61494.0",,"0.186857","0.186857","0.813143","2025-11-12 21:45:06","2026-01-26 22:31:23","75","CONTRATO CERRADO / DESEMBOLSO","Presencial","Fondos privados","false","3.457","SI","0.0249",,"2026"
"CONTRATO CERRADO / DESEMBOLSO","202602","P04686","100000.0","100000.0","117500.0","117500.0","17500.0","17500.0","72","PEN","1.66","Cuota Fija","Moderado Medio","LIMA","SAN JUAN DE MIRAFLORES",,"135215.0",,"117500.0","117500.0",,"0.234861","0.234861","0.765139","2025-11-18 14:25:15","2026-02-03 22:00:58","77","CONTRATO CERRADO / DESEMBOLSO","Presencial","Inversionista P2P",,"3.457","SI","0.175",,"2026"
"CONTRATO CERRADO / DESEMBOLSO","202601","P04620","140000.0","140000.0","142786.0","142786.0","2786.0","2786.0","72","PEN","1.57","Cuota Fija","Bajo Medio","LIMA","MIRAFLORES",,"106734.0",,"142786.0","142786.0",,"0.361561","0.361561","0.638439","2025-11-19 23:19:18","2026-01-14 22:57:49","55","CONTRATO CERRADO / DESEMBOLSO","Digital","Fondos privados",,"3.414","SI","0.0199",,"2026"
"CONTRATO CERRADO / DESEMBOLSO","202601","P04613","70000.0","70000.0","73353.0","73353.0","3353.0","3353.0","48","PEN","1.95","Cuota Fija","Moderado","LIMA","PUEBLO LIBRE",,"100335.0",,"73353.0","73353.0",,"0.197589","0.197589","0.802411","2025-11-21 00:11:10","2026-01-13 16:56:29","53","CONTRATO CERRADO / DESEMBOLSO","Presencial","Fondos privados","true","3.457","SI","0.0479",,"2026"
"CONTRATO CERRADO / DESEMBOLSO","202601","P04668","230000.0","230000.0","233220.0","233220.0","3220.0","3220.0","60","PEN","2.3","Cuota Fija","Bajo Medio","LIMA","LA VICTORIA",,"189486.0",,"233220.0","233220.0",,"0.332649","0.332649","0.667351","2025-11-28 20:35:22","2026-01-29 17:25:11","61","CONTRATO CERRADO / DESEMBOLSO","Digital","Fondos privados",,"3.457","SI","0.014",,"2026"
"CONTRATO CERRADO / DESEMBOLSO","202601","P04596","300000.0","300000.0","330000.0","330000.0","30000.0","30000.0","72","PEN","1.48","Cuota Fija","Alto","LIMA","MIRAFLORES","casa","484193.0",,"330000.0","330000.0",,"0.184202","0.184202","0.815798","2025-12-10 16:39:53","2026-01-09 22:05:17","30","CONTRATO CERRADO / DESEMBOLSO","Digital","Inversionista P2P","false","3.414","SI","0.1",,"2026"
"CONTRATO CERRADO / DESEMBOLSO","202601","P04582","48000.0","48000.0","60960.0","60960.0","12960.0","12960.0","60","PEN","1.55","Cuota Fija","Medio","LIMA","LOS OLIVOS","departamento","116955.0",,"60960.0","60960.0",,"0.140872","0.140872","0.859128","2025-12-10 22:14:10","2026-01-03 16:15:12","23","CONTRATO CERRADO / DESEMBOLSO","Digital","Inversionista P2P","true","3.414","SI","0.27",,"2026"
"CONTRATO CERRADO / DESEMBOLSO","202601","P04591","105000.0","105000.0","122850.0","122850.0","17850.0","17850.0","72","PEN","1.65","Cuota Fija","Bajo Medio","LIMA","VILLA EL SALVADOR ",,"99735.0",,"122850.0","122850.0",,"0.332909","0.332909","0.667091","2025-12-12 21:29:25","2026-01-08 20:13:12","26","CONTRATO CERRADO / DESEMBOLSO","Digital","Inversionista P2P","false","3.414","SI","0.17",,"2026"
"CONTRATO CERRADO / DESEMBOLSO","202602","P04705","92000.0","92000.0","109940.0","109940.0","17940.0","17940.0","24","PEN","2.15","Cuota Fija","Medio",,,,"128117.0",,"109940.0","109940.0",,"0.231925","0.231925","0.7680750000000001","2025-12-15 16:31:50","2026-02-13 23:17:24","60","CONTRATO CERRADO / DESEMBOLSO","Presencial","Inversionista P2P","false","3.414","SI","0.195",,"2026"
"CONTRATO CERRADO / DESEMBOLSO","202601","P04624","40000.0","40000.0","41688.0","41688.0","1688.0","1688.0","36","PEN","3.53","Cuota Fija","Moderado Medio","SANTA","NUEVO CHIMBOTE",,"55838.0",,"41688.0","41688.0",,"0.201781","0.201781","0.798219","2025-12-17 20:45:54","2026-01-15 15:18:17","28","CONTRATO CERRADO / DESEMBOLSO","Digital","Fondos privados","false","3.414","SI","0.0422",,"2026"
"CONTRATO CERRADO / DESEMBOLSO","202601","P04594","50000.0","50000.0","63500.0","63500.0","13500.0","13500.0","72","PEN","1.58","Cuota Fija","Moderado Medio","LIMA","SAN MARTIN DE PORRES","casa","55502.0",,"63500.0","63500.0",,"0.309217","0.309217","0.6907829999999999","2025-12-17 20:08:04","2026-01-09 20:49:28","23","CONTRATO CERRADO / DESEMBOLSO","Digital","Inversionista P2P","false","3.414","SI","0.27",,"2026"
"CONTRATO CERRADO / DESEMBOLSO","202601","P04650","140000.0","140000.0","157500.0","157500.0","17500.0","17500.0","72","PEN","1.25","Cuota Fija","Moderado Medio","LIMA","LOS OLIVOS",,"130206.0",,"157500.0","157500.0",,"0.326925","0.326925","0.673075","2025-12-18 19:40:15","2026-01-27 22:28:27","40","CONTRATO CERRADO / DESEMBOLSO","Presencial","Inversionista P2P","false","3.414","SI","0.125",,"2026"
"CONTRATO CERRADO / DESEMBOLSO","202602","P04698","100000.0","100000.0","118500.0","118500.0","18500.0","18500.0","72","PEN","1.78","Cuota Fija","Moderado Medio","CALLAO","CALLAO","departamento","94154.0",,"118500.0","118500.0",,"0.340156","0.340156","0.659844","2025-12-23 17:16:58","2026-02-11 14:14:55","49","CONTRATO CERRADO / DESEMBOLSO","Digital","Inversionista P2P","false","3.384","SI","0.185",,"2026"
"CONTRATO CERRADO / DESEMBOLSO","202601","P04647","250000.0","250000.0","276250.0","276250.0","26250.0","26250.0","84","PEN","1.95","Cuota Fija","Moderado Medio","LIMA","VILLA MAIA DEL TRIUNFO","edificio","254442.0",,"276250.0","276250.0",,"0.293435","0.293435","0.706565","2025-12-22 16:44:21","2026-01-27 16:40:05","35","CONTRATO CERRADO / DESEMBOLSO","Digital","Inversionista P2P","false","3.414","SI","0.105",,"2026"
"CONTRATO CERRADO / DESEMBOLSO","202601","P04672","90000.0","90000.0","91755.0","91755.0","1755.0","1755.0","48","PEN","2.9","Cuota Fija","Moderado","CHICLAYO","CHICLAYO","casa","70587.0",,"91755.0","91755.0",,"0.35132","0.35132","0.6486799999999999","2025-12-29 16:48:23","2026-01-29 22:22:59","31","CONTRATO CERRADO / DESEMBOLSO","Digital","Fondos privados","false","3.384","SI","0.0195",,"2026"
"CONTRATO CERRADO / DESEMBOLSO","202601","P04606","55000.0","55000.0","69575.0","69575.0","14575.0","14575.0","72","PEN","1.64","Cuota Fija","Medio","LIMA","VILLA EL SALVADOR ","casa","132786.0",,"69575.0","69575.0",,"0.141612","0.141612","0.858388","2025-12-29 22:29:46","2026-01-14 20:19:20","15","CONTRATO CERRADO / DESEMBOLSO","Digital","Inversionista P2P","true","3.414","SI","0.265",,"2026"
"CONTRATO CERRADO / DESEMBOLSO","202601","P04641","50000.0","50000.0","52355.0","52355.0","2355.0","2355.0","48","PEN","1.98","Cuota Fija","Bajo Medio","LIMA","JESUS MARIA","departamento","106504.0",,"52355.0","52355.0",,"0.132859","0.132859","0.8671409999999999","2025-12-29 15:42:58","2026-01-22 19:48:19","24","CONTRATO CERRADO / DESEMBOLSO","Digital","Fondos privados","true","3.384","SI","0.0471",,"2026"
"CONTRATO CERRADO / DESEMBOLSO","202601","P04675","60000.0","60000.0","61494.0","61494.0","1494.0","1494.0","60","PEN","2.9","Cuota Fija","Bajo Medio","TRUJILLO","EL PORVENIR",,"58713.0",,"61494.0","61494.0",,"0.283072","0.283072","0.716928","2026-01-05 02:25:13","2026-01-29 19:34:15","24","CONTRATO CERRADO / DESEMBOLSO","Presencial","Fondos privados","false","1.0","SI","0.0249",,"2026"
"CONTRATO CERRADO / DESEMBOLSO","202601","P04612","20000.0","20000.0","27200.0","27200.0","7200.0","7200.0","36","PEN","1.36","Cuota Fija","Moderado Medio","LIMA","CARABAYLLO","casa","130073.0",,"27200.0","27200.0",,"0.056517","0.056517","0.943483","2025-12-31 14:31:15","2026-01-17 20:55:17","17","CONTRATO CERRADO / DESEMBOLSO","Digital","Inversionista P2P","true","3.384","SI","0.36",,"2026"
"CONTRATO CERRADO / DESEMBOLSO","202601","P04669","165000.0","165000.0","167095.5","167095.5","2095.5","2095.5","48","PEN","2.7","Cuota Fija","Bajo Medio","SANTA","SANTA",,"122280.0",,"167095.5","167095.5",,"0.369324","0.369324","0.630676","2026-01-05 01:24:45","2026-01-29 22:22:18","24","CONTRATO CERRADO / DESEMBOLSO","Presencial","Fondos privados","false","3.384","SI","0.0127",,"2026"
"CONTRATO CERRADO / DESEMBOLSO","202601","P04646","100000.0","100000.0","118000.0","118000.0","18000.0","18000.0","72","PEN","1.66","Cuota Fija","Moderado","LIMA","CHORRILLOS","casa","357241.0",,"118000.0","118000.0",,"0.089273","0.089273","0.910727","2026-01-06 20:49:19","2026-01-26 19:11:42","19","CONTRATO CERRADO / DESEMBOLSO","Digital","Inversionista P2P","true","3.384","SI","0.18",,"2026"
"CONTRATO CERRADO / DESEMBOLSO","202601","P04629","27608.81","27608.81","35615.37","35615.37","8006.56","8006.56","48","PEN","1.58","Cuota Fija","Moderado","LIMA","LA VICTORIA",,"69155.0",,"35615.37","35615.37",,"0.139191","0.139191","0.8608089999999999","2026-01-06 21:59:38","2026-01-20 20:30:16","13","CONTRATO CERRADO / DESEMBOLSO","Digital","Inversionista P2P","true","3.384","SI","0.29000018472364436",,"2026"
"CONTRATO CERRADO / DESEMBOLSO","202601","P04657","40000.0","40000.0","51200.0","51200.0","11200.0","11200.0","36","PEN","2.17","Cuota Fija","Alto","CHICLAYO","CHICLAYO","departamento","45803.0",,"51200.0","51200.0",,"0.302116","0.302116","0.697884","2026-01-08 16:09:02","2026-01-30 21:16:45","22","CONTRATO CERRADO / DESEMBOLSO","Digital","Inversionista P2P","false","3.384","SI","0.28",,"2026"
"CONTRATO CERRADO / DESEMBOLSO","202602","P04710","145000.0","145000.0","147813.0","147813.0","2813.0","2813.0","48","PEN","2.97","Cuota Fija","Bajo Medio","CHEPEN","CHEPEN",,"110543.0",,"147813.0","147813.0",,"0.361393","0.361393","0.6386069999999999","2026-01-08 16:29:44","2026-02-12 14:44:44","34","CONTRATO CERRADO / DESEMBOLSO","Presencial","Fondos privados","false","3.384","SI","0.0194",,"2026"
"CONTRATO CERRADO / DESEMBOLSO","202602","P04644","28085.890000000003","28085.890000000003","36090.37","36090.37","8004.48","8004.48","48","PEN","1.47","Cuota Fija","Bajo Medio","LIMA","COMAS",,"63326.0",,"36090.37","36090.37",,"0.154031","0.154031","0.845969","2026-01-09 17:05:11","2026-02-10 22:31:13","32","CONTRATO CERRADO / DESEMBOLSO","Digital","Inversionista P2P","true","3.384","SI","0.28500004806684065",,"2026"
"CONTRATO CERRADO / DESEMBOLSO","202602","P04732","100000.0","100000.0","118500.0","118500.0","18500.0","18500.0","48","PEN","1.69","Cuota Fija","Moderado","LIMA","SAN MARTIN DE PORRES","casa","111033.0",,"118500.0","118500.0",,"0.288446","0.288446","0.711554","2026-01-09 23:17:12","2026-02-21 14:14:35","42","CONTRATO CERRADO / DESEMBOLSO","Digital","Inversionista P2P","false","3.384","SI","0.185",,"2026"
"CONTRATO CERRADO / DESEMBOLSO","202602","P04729","190000.0","190000.0","208050.0","208050.0","18050.0","18050.0","72","PEN","1.68","Cuota Fija","Bajo","LIMA","SAN BORJA","departamento","183007.0",,"208050.0","208050.0",,"0.307255","0.307255","0.6927449999999999","2026-01-12 17:23:35","2026-02-20 19:47:27","39","CONTRATO CERRADO / DESEMBOLSO","Digital","Inversionista P2P","true","3.384","SI","0.095",,"2026"
"CONTRATO CERRADO / DESEMBOLSO","202602","P04744","80000.0","80000.0","83552.0","83552.0","3552.0","3552.0","60","PEN","2.32","Cuota Fija","Moderado Medio","CALLAO","LA PERLA",,"62581.0",,"83552.0","83552.0",,"0.360838","0.360838","0.639162","2026-01-13 17:22:01","2026-02-27 22:02:09","45","CONTRATO CERRADO / DESEMBOLSO","Presencial","Fondos privados","false","3.384","SI","0.0444",,"2026"
"CONTRATO CERRADO / DESEMBOLSO","202602","P04693","70000.0","70000.0","71540.0","71540.0","1540.0","1540.0","60","PEN","3.25","Cuota Fija","Medio","TRUJILLO","LA ESPERANZA",,"69581.0",,"71540.0","71540.0",,"0.277879","0.277879","0.722121","2026-01-12 20:26:32","2026-02-04 14:18:03","22","CONTRATO CERRADO / DESEMBOLSO","Presencial","Fondos privados","false","3.384","SI","0.022",,"2026"
"CONTRATO CERRADO / DESEMBOLSO","202603","P04788","28000.0","28000.0","29461.6","29461.6","1461.6","1461.6","72","PEN","2.97","Cuota Fija","Moderado Medio","CHICLAYO","LA VICTORIA ","terreno","57300.0",,"29461.6","29461.6",,"0.138963","0.138963","0.861037","2026-01-13 15:01:29","2026-03-09 23:04:10","55","CONTRATO CERRADO / DESEMBOLSO","Digital","Fondos privados","true","3.384","SI","0.052199999999999996",,"2026"
"CONTRATO CERRADO / DESEMBOLSO","202601","P04661","50000.0","50000.0","63750.0","63750.0","13750.0","13750.0","72","PEN","1.56","Cuota Fija","Moderado Medio","LIMA","SAN JUAN DE MIRAFLORES","departamento","82968.0",,"63750.0","63750.0",,"0.207667","0.207667","0.792333","2026-01-16 15:53:36","2026-01-31 14:53:47","14","CONTRATO CERRADO / DESEMBOLSO","Digital","Inversionista P2P","false","3.384","SI","0.275",,"2026"
"CONTRATO CERRADO / DESEMBOLSO","202603","P04818","71000.0","71000.0","72547.8","72547.8","1547.8","1547.8","48","PEN","2.9","Cuota Fija","Moderado","TRUJILLO","TRUJILLO",,"107128.0",,"72547.8","72547.8",,"0.183029","0.183029","0.816971","2026-01-15 13:37:32","2026-03-20 00:20:15","63","CONTRATO CERRADO / DESEMBOLSO","Presencial","Fondos privados",,"3.384","SI","0.0218",,"2026"
"CONTRATO CERRADO / DESEMBOLSO","202601","P04673","140000.0","140000.0","142786.0","142786.0","2786.0","2786.0","72","PEN","2.25","Cuota Fija","Bajo Medio","LIMA","JESUS MARIA","departamento","138258.0",,"142786.0","142786.0",,"0.279122","0.279122","0.720878","2026-01-16 17:54:22","2026-01-29 23:00:03","13","CONTRATO CERRADO / DESEMBOLSO","Digital","Fondos privados","true","3.384","SI","0.0199",,"2026"
"CONTRATO CERRADO / DESEMBOLSO","202602","P04727","17000.0","17000.0","23715.0","23715.0","6715.0","6715.0","72","PEN","2.01","Cuota Fija","Medio","PIURA","PIURA","casa","35003.0",,"23715.0","23715.0",,"0.183112","0.183112","0.8168880000000001","2026-01-15 20:11:44","2026-02-19 22:57:11","35","CONTRATO CERRADO / DESEMBOLSO","Digital","Inversionista P2P","true","3.384","SI","0.395",,"2026"
"CONTRATO CERRADO / DESEMBOLSO","202601","P04681","26986.42","26986.42","29234.39","29234.39","2247.97","2247.97","48","PEN","2.6","Cuota Fija","Medio","LIMA","CHORRILLOS",,"56814.0",,"29234.39","29234.39",,"0.139071","0.139071","0.860929","2026-01-16 20:42:50","2026-01-31 14:53:34","14","CONTRATO CERRADO / DESEMBOLSO","Digital","Fondos privados","true","3.384","SI","0.08330004498558904",,"2026"
"CONTRATO CERRADO / DESEMBOLSO","202602","  P04714","106536.39","360519.14376","107761.56","364665.11903999996","1225.17","4145.975280000001","60","USD","2.29","Cuota Fija","Moderado","LIMA","SAN BARTOLO",,"222539.0",,"107761.56","107761.56",,"0.484237","0.484237","0.515763","2026-01-20 20:44:51","2026-02-13 21:20:32","24","CONTRATO CERRADO / DESEMBOLSO","Digital","Fondos privados","false","3.384","SI","0.011500014220493111",,"2026"
"CONTRATO CERRADO / DESEMBOLSO","202602","P04754","180000.0","180000.0","182160.0","182160.0","2160.0","2160.0","60","PEN","2.92","Cuota Fija","Medio","SANTA","CHIMBOTE",,"218217.0",,"182160.0","182160.0",,"0.225612","0.225612","0.774388","2026-01-21 00:51:55","2026-02-27 21:50:52","37","CONTRATO CERRADO / DESEMBOLSO","Presencial","Fondos privados","false","3.384","SI","0.012",,"2026"
"CONTRATO CERRADO / DESEMBOLSO","202602","P04716","40000.0","40000.0","42620.0","42620.0","2620.0","2620.0","72","PEN","2.91","Cuota Fija","Moderado Medio","PIURA","VEINTISEIS DE OCTUBRE","casa","60399.0",,"42620.0","42620.0",,"0.190714","0.190714","0.809286","2026-01-21 15:48:01","2026-02-13 23:13:56","23","CONTRATO CERRADO / DESEMBOLSO","Digital","Fondos privados","false","3.384","SI","0.0655",,"2026"
"CONTRATO CERRADO / DESEMBOLSO","202602","P04702","55000.0","55000.0","68750.0","68750.0","13750.0","13750.0","36","PEN","1.51","Cuota Fija","Medio","LIMA","SAN MIGUEL","departamento","52507.0","177683.688","68750.0","68750.0",,"0.353878","0.353878","0.646122","2026-01-22 20:13:22","2026-02-12 21:04:44","21","CONTRATO CERRADO / DESEMBOLSO","Digital","Inversionista P2P","false","3.384","SI","0.25",,"2026"
"CONTRATO CERRADO / DESEMBOLSO","202606","P05119","23000.0","23000.0","25543.8","25543.8","2543.8","2543.8","72","PEN","2.86","Cuota Fija","Alto","PIURA","VEINTISEIS DE OCTUBRE","casa","47211.0",,"25543.8","25543.8",,"0.146231","0.146231","0.853769","2026-01-23 22:36:37","2026-06-17 22:59:37","145","CONTRATO CERRADO / DESEMBOLSO","Digital","Fondos privados","false","3.384","SI","0.1106",,"2026"
"CONTRATO CERRADO / DESEMBOLSO","202602","P04708","100000.0","100000.0","102600.0","102600.0","2600.0","2600.0","36","PEN","2.4","Cuota Fija","Moderado Medio","LAMBAYEQUE","LAMBAYEQUE",,"75831.0",,"102600.0","102600.0",,"0.365678","0.365678","0.634322","2026-01-26 20:54:16","2026-02-10 15:16:44","14","CONTRATO CERRADO / DESEMBOLSO","Presencial","Fondos privados","false","3.384","SI","0.026",,"2026"
"CONTRATO CERRADO / DESEMBOLSO","202603","P04809","965035.24","965035.24","1022937.36","1022937.36","57902.12","57902.12","96","PEN","1.6","Cuota Fija","Moderado","LIMA","PACHACAMAC",,"640251.0",,"1022937.36","1022937.36",,"0.431814","0.431814","0.5681860000000001","2026-01-27 19:46:57","2026-03-20 19:31:54","51","CONTRATO CERRADO / DESEMBOLSO","Digital","Inversionista P2P","false","3.346","SI","0.060000005802896904",,"2026"
"CONTRATO CERRADO / DESEMBOLSO","202601","P04680","121159.25","121159.25","123848.99","123848.99","2689.74","2689.74","48","PEN","1.59","Cuota Fija","Bajo Medio","LIMA","MIRAFLORES",,"99143.0",,"123848.99","123848.99",,"0.337621","0.337621","0.662379","2026-01-26 19:19:12","2026-01-30 14:41:27","3","CONTRATO CERRADO / DESEMBOLSO","Digital","Fondos privados","false","1.0","SI","0.022200038379240544",,"2026"
"CONTRATO CERRADO / DESEMBOLSO","202602","P04713","20000.0","20000.0","22208.0","22208.0","2208.0","2208.0","36","PEN","2.45","Cuota Fija","Alto","LIMA","SANTIAGO DE SURCO","departamento","65205.0",,"22208.0","22208.0",,"0.092051","0.092051","0.907949","2026-01-27 14:06:57","2026-02-13 21:21:09","17","CONTRATO CERRADO / DESEMBOLSO","Digital","Fondos privados","true","3.384","SI","0.1104",,"2026"
"CONTRATO CERRADO / DESEMBOLSO","202604","P04936","200000.0","200000.0","224000.0","224000.0","24000.0","24000.0","72","PEN","1.2","Cuota Fija","Moderado","LIMA","ATE",,"193212.0",,"224000.0","224000.0",,"0.313337","0.313337","0.686663","2026-01-28 17:33:34","2026-04-29 13:52:22","90","CONTRATO CERRADO / DESEMBOLSO","Presencial","Inversionista P2P","false","3.346","SI","0.12",,"2026"
"CONTRATO CERRADO / DESEMBOLSO","202602","P04726","90000.0","90000.0","107100.0","107100.0","17100.0","17100.0","48","PEN","1.59","Cuota Fija","Moderado Medio","LIMA","SAN MIGUEL","casa","147492.0",,"107100.0","107100.0",,"0.196254","0.196254","0.803746","2026-01-28 21:50:27","2026-02-19 23:14:01","22","CONTRATO CERRADO / DESEMBOLSO","Digital","Inversionista P2P","true","3.346","SI","0.19",,"2026"
"CONTRATO CERRADO / DESEMBOLSO","202602","P04735","91279.64","91279.64","93826.35","93826.35","2546.71","2546.71","72","PEN","2.27","Cuota Fija","Moderado","LIMA","SAN MIGUEL",,"271764.0",,"93826.35","93826.35",,"0.093311","0.093311","0.906689","2026-01-29 22:36:36","2026-02-17 22:23:27","18","CONTRATO CERRADO / DESEMBOLSO","Digital","Fondos privados","true","3.384","SI","0.027900088124799792",,"2026"
"CONTRATO CERRADO / DESEMBOLSO","202602","P04739","72596.87000000001","72596.87000000001","75057.91","75057.91","2461.04","2461.04","72","PEN","1.84","Cuota Fija","Bajo","LIMA","SAN JUAN DE LURIGANCHO",,"54528.0",,"75057.91","75057.91",,"0.372028","0.372028","0.627972","2026-02-02 22:50:41","2026-02-20 21:17:42","17","CONTRATO CERRADO / DESEMBOLSO","Digital","Fondos privados","false","3.346","SI","0.03390008412208405",,"2026"
"CONTRATO CERRADO / DESEMBOLSO","202603","P04799","232379.31","232379.31","252131.56","252131.56","19752.25","19752.25","12","PEN","1.67","Credito Puente","Moderado","LIMA","ATE",,"227553.0",,"252131.56","252131.56",,"0.299463","0.299463","0.700537","2026-02-03 17:19:52","2026-03-16 20:09:14","41","CONTRATO CERRADO / DESEMBOLSO","Digital","Inversionista P2P","true","3.346","SI","0.08500003722362375",,"2026"
"CONTRATO CERRADO / DESEMBOLSO","202602","P04751","235000.0","235000.0","237420.5","237420.5","2420.5","2420.5","72","PEN","2.92","Cuota Fija","Moderado","SANTA","NUEVO CHIMBOTE","casa","178783.0",,"237420.5","237420.5",,"0.358914","0.358914","0.641086","2026-02-02 19:43:30","2026-02-23 23:11:03","21","CONTRATO CERRADO / DESEMBOLSO","Digital","Fondos privados","false","3.346","SI","0.0103",,"2026"
"CONTRATO CERRADO / DESEMBOLSO","202602","P04742","65000.0","65000.0","67431.0","67431.0","2431.0","2431.0","36","PEN","2.57","Cuota Fija","Moderado","LIMA","LA MOLINA","terreno","252639.0",,"67431.0","67431.0",,"0.072137","0.072137","0.927863","2026-02-04 22:07:30","2026-02-25 22:37:45","21","CONTRATO CERRADO / DESEMBOLSO","Digital","Fondos privados","true","3.346","SI","0.0374",,"2026"
"CONTRATO CERRADO / DESEMBOLSO","202603","P04800","75000.0","75000.0","90750.0","90750.0","15750.0","15750.0","72","PEN","2.1","Cuota Fija","Moderado Medio","TRUJILLO","TRUJILLO","departamento","72777.0",,"90750.0","90750.0",,"0.337016","0.337016","0.662984","2026-02-05 15:21:48","2026-03-16 20:13:45","39","CONTRATO CERRADO / DESEMBOLSO","Digital","Inversionista P2P","false","3.346","SI","0.21",,"2026"
"CONTRATO CERRADO / DESEMBOLSO","202602","P04737","65000.0","65000.0","67431.0","67431.0","2431.0","2431.0","48","PEN","3.08","Cuota Fija","Moderado","LIMA","PUNTA NEGRA","casa","133992.0",,"67431.0","67431.0",,"0.136012","0.136012","0.863988","2026-02-04 16:58:29","2026-02-18 21:40:37","14","CONTRATO CERRADO / DESEMBOLSO","Digital","Fondos privados","true","3.346","SI","0.0374",,"2026"
"CONTRATO CERRADO / DESEMBOLSO","202602","P04769","18000.0","18000.0","23670.0","23670.0","5670.0","5670.0","60","PEN","1.99","Cuota Fija","Moderado Medio","TRUJILLO","VICTOR LARCO HERRERA","departamento","59091.0",,"23670.0","23670.0",,"0.108262","0.108262","0.891738","2026-02-05 14:46:43","2026-02-25 21:58:25","20","CONTRATO CERRADO / DESEMBOLSO","Digital","Inversionista P2P","false","3.346","SI","0.315",,"2026"
"CONTRATO CERRADO / DESEMBOLSO","202603","P04804","15000.0","15000.0","22050.0","22050.0","7050.0","7050.0","60","PEN","1.53","Cuota Fija","Moderado Medio","LIMA","LOS OLIVOS","local","51046.0",,"22050.0","22050.0",,"0.116747","0.116747","0.883253","2026-02-10 17:50:08","2026-03-18 19:52:07","36","CONTRATO CERRADO / DESEMBOLSO","Digital","Inversionista P2P","true","3.346","SI","0.47",,"2026"
"CONTRATO CERRADO / DESEMBOLSO","202602","P04748","170000.0","170000.0","173111.0","173111.0","3111.0","3111.0","72","PEN","1.85","Cuota Fija","Bajo","LIMA","MIRAFLORES","departamento","168045.0",,"173111.0","173111.0",,"0.278418","0.278418","0.721582","2026-02-10 15:59:50","2026-02-26 22:26:10","16","CONTRATO CERRADO / DESEMBOLSO","Digital","Fondos privados","true","3.346","SI","0.0183",,"2026"
"CONTRATO CERRADO / DESEMBOLSO","202602","P04743","121000.0","121000.0","124956.7","124956.7","3956.7","3956.7","36","PEN","2.45","Cuota Fija","Medio","CAÑETE","SAN VICENTE DE CAÑETE",,"242137.0",,"124956.7","124956.7",,"0.139475","0.139475","0.860525","2026-02-10 22:01:06","2026-02-27 22:09:55","17","CONTRATO CERRADO / DESEMBOLSO","Presencial","Fondos privados","true","1.0","SI","0.0327",,"2026"
"CONTRATO CERRADO / DESEMBOLSO","202602","P04766","41907.73","41907.73","53432.36","53432.36","11524.63","11524.63","48","PEN","1.45","Cuota Fija","Moderado Medio","LIMA","SAN JUAN DE MIRAFLORES",,"50406.0",,"53432.36","53432.36",,"0.286497","0.286497","0.713503","2026-02-16 16:49:53","2026-02-28 13:55:57","11","CONTRATO CERRADO / DESEMBOLSO","Digital","Inversionista P2P","false","3.346","SI","0.27500010141327147",,"2026"
"CONTRATO CERRADO / DESEMBOLSO","202602","P04756","38000.0","38000.0","40299.0","40299.0","2299.0","2299.0","36","PEN","2.9","Cuota Fija","Moderado Medio","SANTA","NUEVO CHIMBOTE","casa","80809.0",,"40299.0","40299.0",,"0.134782","0.134782","0.865218","2026-02-16 19:56:58","2026-02-27 23:09:57","11","CONTRATO CERRADO / DESEMBOLSO","Digital","Fondos privados","true","3.346","SI","0.0605",,"2026"
"CONTRATO CERRADO / DESEMBOLSO","202603","P04811","70000.0","70000.0","85750.0","85750.0","15750.0","15750.0","72","PEN","1.67","Cuota Fija","Alto","LIMA","SANTIAGO DE SURCO","casa","170567.0",,"85750.0","85750.0",,"0.135874","0.135874","0.864126","2026-02-14 19:35:21","2026-03-20 21:58:01","34","CONTRATO CERRADO / DESEMBOLSO","Digital","Inversionista P2P","true","3.346","SI","0.225",,"2026"
"CONTRATO CERRADO / DESEMBOLSO","202603","P04794","40000.0","40000.0","42620.0","42620.0","2620.0","2620.0","60","PEN","3.3","Cuota Fija","Medio","PIURA","CASTILLA","departamento","88461.0",,"42620.0","42620.0",,"0.130215","0.130215","0.869785","2026-02-19 15:00:41","2026-03-12 21:31:23","21","CONTRATO CERRADO / DESEMBOLSO","Digital","Fondos privados","true","3.346","SI","0.0655",,"2026"
"CONTRATO CERRADO / DESEMBOLSO","202603","P04784","26000.0","26000.0","33670.0","33670.0","7670.0","7670.0","72","PEN","1.38","Cuota Fija","Moderado Medio","LIMA","LOS OLIVOS",,"77202.0",,"33670.0","33670.0",,"0.117873","0.117873","0.882127","2026-02-23 17:16:33","2026-03-14 14:07:13","18","CONTRATO CERRADO / DESEMBOLSO","Digital","Inversionista P2P","true","3.317","SI","0.295",,"2026"
"CONTRATO CERRADO / DESEMBOLSO","202604","P04887","20000.0","20000.0","22530.0","22530.0","2530.0","2530.0","72","PEN","2.92","Cuota Fija","Alto","PIURA","PIURA","casa","40782.0",,"22530.0","22530.0",,"0.149311","0.149311","0.850689","2026-02-23 16:55:18","2026-04-10 16:30:25","45","CONTRATO CERRADO / DESEMBOLSO","Digital","Fondos privados","true","3.317","SI","0.1265",,"2026"
"CONTRATO CERRADO / DESEMBOLSO","202604","P04935","220000.0","220000.0","242000.0","242000.0","22000.0","22000.0","72","PEN","1.4","Cuota Fija","Bajo Medio","LIMA","SAN ISIDRO",,"132363.0",,"242000.0","242000.0",,"0.494136","0.494136","0.505864","2026-02-24 23:39:19","2026-04-29 15:01:28","63","CONTRATO CERRADO / DESEMBOLSO","Presencial","Inversionista P2P","true","3.317","SI","0.1",,"2026"
"CONTRATO CERRADO / DESEMBOLSO","202603","P04831","28000.0","28000.0","36960.0","36960.0","8960.0","8960.0","48","PEN","1.45","Cuota Fija","Medio","LIMA","SAN JUAN DE MIRAFLORES","departamento","78420.0",,"36960.0","36960.0",,"0.127381","0.127381","0.872619","2026-02-25 16:40:42","2026-03-28 14:04:44","30","CONTRATO CERRADO / DESEMBOLSO","Digital","Inversionista P2P","false","3.346","SI","0.32",,"2026"
"CONTRATO CERRADO / DESEMBOLSO","202604","P04890","45000.0","45000.0","57375.0","57375.0","12375.0","12375.0","72","PEN","1.56","Cuota Fija","Medio","LIMA","LOS OLIVOS","casa","69015.0",,"57375.0","57375.0",,"0.224687","0.224687","0.775313","2026-02-25 14:17:19","2026-04-14 22:19:56","48","CONTRATO CERRADO / DESEMBOLSO","Digital","Inversionista P2P","true","3.317","SI","0.275",,"2026"
"CONTRATO CERRADO / DESEMBOLSO","202604","P04876","17000.0","17000.0","22865.0","22865.0","5865.0","5865.0","48","PEN","2.03","Cuota Fija","Medio","SANTA","CHIMBOTE","casa","45328.0",,"22865.0","22865.0",,"0.136334","0.136334","0.863666","2026-02-26 20:43:54","2026-04-01 19:26:53","33","CONTRATO CERRADO / DESEMBOLSO","Digital","Inversionista P2P","true","3.317","SI","0.345",,"2026"
"CONTRATO CERRADO / DESEMBOLSO","202603","P04819","70000.0","70000.0","71540.0","71540.0","1540.0","1540.0","36","PEN","3.35","Cuota Fija","Medio","TRUJILLO","TRUJILLO",,"149430.0",,"71540.0","71540.0",,"0.129393","0.129393","0.870607","2026-02-27 04:31:06","2026-03-20 14:19:05","21","CONTRATO CERRADO / DESEMBOLSO","Presencial","Fondos privados","false","3.317","SI","0.022",,"2026"
"CONTRATO CERRADO / DESEMBOLSO","202603","P04829","120000.0","120000.0","138600.0","138600.0","18600.0","18600.0","84","PEN","1.81","Cuota Fija","Moderado","LIMA","VILLA EL SALVADOR","casa","193780.0",,"138600.0","138600.0",,"0.193309","0.193309","0.806691","2026-03-04 14:37:55","2026-03-27 19:11:02","23","CONTRATO CERRADO / DESEMBOLSO","Digital","Inversionista P2P","false","3.317","SI","0.155",,"2026"
"CONTRATO CERRADO / DESEMBOLSO","202603","P04808","50000.0","50000.0","63000.0","63000.0","13000.0","13000.0","36","PEN","1.43","Cuota Fija","Medio","LIMA","SANTIAGO DE SURCO","departamento","72699.0",,"63000.0","63000.0",,"0.234213","0.234213","0.765787","2026-03-05 00:00:04","2026-03-19 22:33:56","14","CONTRATO CERRADO / DESEMBOLSO","Digital","Inversionista P2P","false","3.317","SI","0.26",,"2026"
"CONTRATO CERRADO / DESEMBOLSO","202604","P04930","72300.0","239819.1","78084.0","259004.62800000003","5784.0","19185.528000000002","84","USD","1.46","Cuota Fija","Bajo","LIMA","SAN ISIDRO","departamento","150989.0",,"78084.0","78084.0",,"0.51715","0.51715","0.48285","2026-03-04 19:54:20","2026-04-27 21:49:02","54","CONTRATO CERRADO / DESEMBOLSO","Digital","Inversionista P2P","false","3.317","SI","0.08",,"2026"
"CONTRATO CERRADO / DESEMBOLSO","202605","P05031","320000.0","320000.0","352000.0","352000.0","32000.0","32000.0","72","PEN","1.65","Cuota Fija","Bajo Medio",,,,"269141.0",,"352000.0","352000.0",,"0.353477","0.353477","0.646523","2026-03-06 04:17:49","2026-05-27 21:35:25","82","CONTRATO CERRADO / DESEMBOLSO","Presencial","Inversionista P2P","false","3.317","SI","0.1",,"2026"
"CONTRATO CERRADO / DESEMBOLSO","202603","P04868","30000.0","30000.0","32262.0","32262.0","2262.0","2262.0","36","PEN","2.53","Cuota Fija","Bajo Medio","LIMA","SAN MARTIN DE PORRES","casa","66777.0",,"32262.0","32262.0",,"0.130576","0.130576","0.869424","2026-03-10 19:23:35","2026-03-31 20:46:51","21","CONTRATO CERRADO / DESEMBOLSO","Digital","Fondos privados","true","3.317","SI","0.0754",,"2026"
"CONTRATO CERRADO / DESEMBOLSO","202603","P04827","120000.0","120000.0","136200.0","136200.0","16200.0","16200.0","48","PEN","1.6","Cuota Fija","Moderado","LIMA","SANTIAGO DE SURCO","departamento","135610.0",,"136200.0","136200.0",,"0.271446","0.271446","0.7285539999999999","2026-03-12 17:34:55","2026-03-26 21:35:22","14","CONTRATO CERRADO / DESEMBOLSO","Digital","Inversionista P2P","true","3.317","SI","0.135",,"2026"
"CONTRATO CERRADO / DESEMBOLSO","202603","P04850","35000.0","35000.0","37285.5","37285.5","2285.5","2285.5","60","PEN","2.75","Cuota Fija","Bajo Medio","LIMA ","LA VICTORA","departamento","82513.0",,"37285.5","37285.5",,"0.122128","0.122128","0.877872","2026-03-12 22:12:51","2026-03-27 23:02:10","15","CONTRATO CERRADO / DESEMBOLSO","Digital","Fondos privados","true","3.317","SI","0.0653",,"2026"
"CONTRATO CERRADO / DESEMBOLSO","202603","P04859","64000.0","64000.0","78720.0","78720.0","14720.0","14720.0","12","PEN","1.54","Credito Puente","Bajo Medio","LIMA ","CERCADO","departamento","61894.0",,"78720.0","78720.0",,"0.343744","0.343744","0.656256","2026-03-13 19:55:26","2026-03-31 20:43:58","18","CONTRATO CERRADO / DESEMBOLSO","Digital","Inversionista P2P","false","3.317","SI","0.23",,"2026"
"CONTRATO CERRADO / DESEMBOLSO","202603","P04824","100000.0","100000.0","114000.0","114000.0","14000.0","14000.0","48","PEN","1.17","Cuota Fija","Bajo","LIMA","SAN BORJA","departamento","237530.0",,"114000.0","114000.0",,"0.129713","0.129713","0.870287","2026-03-17 19:18:37","2026-03-30 20:44:50","13","CONTRATO CERRADO / DESEMBOLSO","Digital","Inversionista P2P","true","3.317","SI","0.14",,"2026"
"CONTRATO CERRADO / DESEMBOLSO","202604","P04882","70000.0","70000.0","85750.0","85750.0","15750.0","15750.0","36","PEN","2.25","Cuota Fija","Medio","PIURA","VEINTISEIS DE OCTUBRE","casa","101235.0",,"85750.0","85750.0",,"0.228929","0.228929","0.7710710000000001","2026-03-19 21:37:53","2026-04-10 23:12:51","22","CONTRATO CERRADO / DESEMBOLSO","Digital","Inversionista P2P","false","3.317","SI","0.225",,"2026"
"CONTRATO CERRADO / DESEMBOLSO","202604","P04918","65000.0","65000.0","80275.0","80275.0","15275.0","15275.0","72","PEN","1.6","Cuota Fija","Moderado","LIMA","VILLA EL SALVADOR","casa","92123.0",,"80275.0","80275.0",,"0.235511","0.235511","0.764489","2026-03-20 15:10:42","2026-04-23 20:00:56","34","CONTRATO CERRADO / DESEMBOLSO","Digital","Inversionista P2P","false","3.317","SI","0.235",,"2026"
"CONTRATO CERRADO / DESEMBOLSO","202604","P04891","31217.1","31217.1","40270.06","40270.06","9052.96","9052.96","48","PEN","1.45","Cuota Fija","Medio","LIMA","CARABAYLLO",,"93453.0",,"40270.06","40270.06",,"0.116463","0.116463","0.883537","2026-03-25 15:51:19","2026-04-15 19:14:44","21","CONTRATO CERRADO / DESEMBOLSO","Digital","Inversionista P2P","true","3.317","SI","0.2900000320337251",,"2026"
"CONTRATO CERRADO / DESEMBOLSO","202605","P04961","100000.0","100000.0","101680.0","101680.0","1680.0","1680.0","72","PEN","2.99","Cuota Fija","Moderado","TRUJILLO","MOCHE",,"85065.0",,"101680.0","101680.0",,"0.32306","0.32306","0.67694","2026-03-25 00:32:33","2026-05-05 21:45:27","41","CONTRATO CERRADO / DESEMBOLSO","Presencial","Fondos privados","false","3.317","SI","0.0168",,"2026"
"CONTRATO CERRADO / DESEMBOLSO","202604","P04926","100000.0","100000.0","103020.0","103020.0","3020.0","3020.0","96","PEN","2.87","Cuota Fija","Moderado","CHICLAYO","PIMENTEL",,"78164.0",,"103020.0","103020.0",,"0.356216","0.356216","0.643784","2026-03-25 22:18:19","2026-04-22 15:15:44","27","CONTRATO CERRADO / DESEMBOLSO","Presencial","Fondos privados","false","3.317","SI","0.0302",,"2026"
"CONTRATO CERRADO / DESEMBOLSO","202604","P04920","80000.0","80000.0","95600.0","95600.0","15600.0","15600.0","72","PEN","1.25","Cuota Fija","Bajo Medio","CAÑETE","CHILCA",,"123652.0",,"95600.0","95600.0",,"0.208956","0.208956","0.791044","2026-03-30 22:17:23","2026-04-25 00:35:03","25","CONTRATO CERRADO / DESEMBOLSO","Digital","Inversionista P2P","true","3.32","SI","0.195",,"2026"
"CONTRATO CERRADO / DESEMBOLSO","202606","P05058","60000.0","60000.0","75600.0","75600.0","15600.0","15600.0","72","PEN","2.0","Cuota Fija","Medio","TRUJILLO","TRUJILLO",,"206635.0",,"75600.0","75600.0",,"0.098882","0.098882","0.901118","2026-04-07 16:18:07","2026-06-03 03:25:42","56","CONTRATO CERRADO / DESEMBOLSO","Presencial","Inversionista P2P","false","3.32","SI","0.26",,"2026"
"CONTRATO CERRADO / DESEMBOLSO","202605","P05016","120000.0","120000.0","122688.0","122688.0","2688.0","2688.0","72","PEN","2.31","Cuota Fija","Bajo","LIMA","SAN BORJA",,"97582.0",,"122688.0","122688.0",,"0.339806","0.339806","0.660194","2026-04-08 20:34:34","2026-05-22 17:33:05","43","CONTRATO CERRADO / DESEMBOLSO","Digital","Fondos privados","false","3.32","SI","0.0224",,"2026"
"CONTRATO CERRADO / DESEMBOLSO","202605","P04966","40000.0","40000.0","41392.0","41392.0","1392.0","1392.0","36","PEN","3.0","Cuota Fija","Alto","TRUJILLO","TRUJILLO",,"70704.0",,"41392.0","41392.0",,"0.158224","0.158224","0.841776","2026-04-09 18:54:42","2026-05-07 14:16:33","27","CONTRATO CERRADO / DESEMBOLSO","Presencial","Fondos privados","false","3.32","SI","0.0348",,"2026"
"CONTRATO CERRADO / DESEMBOLSO","202605","P04971","50000.0","50000.0","63000.0","63000.0","13000.0","13000.0","12","PEN","1.37","Cuota Fija","Moderado","LIMA","LOS OLIVOS","casa","131859.0",,"63000.0","63000.0",,"0.129131","0.129131","0.870869","2026-04-10 15:40:30","2026-05-13 22:34:41","33","CONTRATO CERRADO / DESEMBOLSO","Digital","Inversionista P2P","true","3.32","SI","0.26",,"2026"
"CONTRATO CERRADO / DESEMBOLSO","202605","P05042","1800000.0","1800000.0","1820340.0","1820340.0","20340.0","20340.0","120","PEN","1.32","Cuota Fija","Moderado","LIMA","LOS OLIVOS",,"1289666.0",,"1820340.0","1820340.0",,"0.381482","0.381482","0.618518","2026-04-10 23:09:59","2026-05-26 01:28:36","45","CONTRATO CERRADO / DESEMBOLSO","Presencial","Fondos privados","false","3.32","SI","0.0113",,"2026"
"CONTRATO CERRADO / DESEMBOLSO","202604","P04952","799073.73","799073.73","804267.71","804267.71","5193.98","5193.98","60","PEN","1.63","Cuota Fija","Moderado","HUANCAYO","EL TAMBO",,"997284.0",,"804267.71","804267.71",,"0.217962","0.217962","0.782038","2026-04-13 15:00:21","2026-04-30 23:03:23","17","CONTRATO CERRADO / DESEMBOLSO","Digital","Fondos privados","false","1.0","SI","0.006500000944843975",,"2026"
"CONTRATO CERRADO / DESEMBOLSO","202604","P04934","180000.0","180000.0","201600.0","201600.0","21600.0","21600.0","72","PEN","1.65","Cuota Fija","Bajo Medio","LIMA","SAN JUAN DE MIRAFLORES","edificio","135585.0",,"201600.0","201600.0",,"0.401862","0.401862","0.5981380000000001","2026-04-13 20:58:53","2026-04-29 22:16:12","16","CONTRATO CERRADO / DESEMBOLSO","Digital","Inversionista P2P","false","3.32","SI","0.12",,"2026"
"CONTRATO CERRADO / DESEMBOLSO","202605","P05023","43000.0","43000.0","45322.0","45322.0","2322.0","2322.0","72","PEN","2.08","Cuota Fija","Bajo Medio","LIMA","CHORRILLOS","departamento","30213.0",,"45322.0","45322.0",,"0.405428","0.405428","0.594572","2026-04-14 21:08:27","2026-05-22 14:18:14","37","CONTRATO CERRADO / DESEMBOLSO","Digital","Fondos privados","false","3.32","SI","0.054",,"2026"
"CONTRATO CERRADO / DESEMBOLSO","202605","P04974","100000.0","100000.0","117000.0","117000.0","17000.0","17000.0","72","PEN","1.48","Cuota Fija","Bajo Medio","LIMA","CHORRILLOS","casa","248305.0",,"117000.0","117000.0",,"0.12735","0.12735","0.87265","2026-04-14 23:11:00","2026-05-14 20:54:59","29","CONTRATO CERRADO / DESEMBOLSO","Digital","Inversionista P2P","true","3.343","SI","0.17",,"2026"
"CONTRATO CERRADO / DESEMBOLSO","202606","P05071","25000.0","25000.0","33250.0","33250.0","8250.0","8250.0","24","PEN","1.39","Cuota Fija","Medio","LIMA","VILLA MARIA DEL TRIUNFO","casa","110869.0",,"33250.0","33250.0",,"0.081055","0.081055","0.918945","2026-04-14 22:19:48","2026-06-06 15:24:21","52","CONTRATO CERRADO / DESEMBOLSO","Digital","Inversionista P2P","true","3.32","SI","0.33",,"2026"
"CONTRATO CERRADO / DESEMBOLSO","202607","P05227","420000.0","420000.0","424116.0","424116.0","4116.0","4116.0","120","PEN","1.95","Cuota Fija","Moderado Medio","CAJAMARCA","CAJAMARCA",,"376205.0",,"424116.0","424116.0",,"0.30469","0.30469","0.69531","2026-04-15 19:49:20","2026-07-24 17:06:24","99","CONTRATO CERRADO / DESEMBOLSO","Presencial","Fondos privados","false","3.343","SI","0.0098",,"2026"
"CONTRATO CERRADO / DESEMBOLSO","202605","P04970","210000.0","210000.0","232050.0","232050.0","22050.0","22050.0","72","PEN","2.2","Cuota Fija","Medio","SANTA","NUEVO CHIMBOTE","casa","173805.0",,"232050.0","232050.0",,"0.360842","0.360842","0.639158","2026-04-16 15:04:51","2026-05-13 22:34:19","27","CONTRATO CERRADO / DESEMBOLSO","Digital","Inversionista P2P","false","3.32","SI","0.105",,"2026"
"CONTRATO CERRADO / DESEMBOLSO","202605","P04979","80000.0","80000.0","82496.0","82496.0","2496.0","2496.0","36","PEN","2.49","Cuota Fija","Bajo Medio","LIMA","SANTIAGO DE SURCO","departamento","126564.0",,"82496.0","82496.0",,"0.176166","0.176166","0.823834","2026-04-16 22:18:21","2026-05-13 20:47:06","26","CONTRATO CERRADO / DESEMBOLSO","Digital","Fondos privados","true","3.32","SI","0.0312",,"2026"
"CONTRATO CERRADO / DESEMBOLSO","202605","P05022","40165.630000000005","40165.630000000005","42475.16","42475.16","2309.53","2309.53","48","PEN","2.37","Cuota Fija","Moderado","LIMA","CARABAYLLO",,"141363.0",,"42475.16","42475.16",,"0.081208","0.081208","0.918792","2026-04-20 13:40:51","2026-05-22 22:09:50","32","CONTRATO CERRADO / DESEMBOLSO","Digital","Fondos privados","true","3.32","SI","0.0575001562280985",,"2026"
"CONTRATO CERRADO / DESEMBOLSO","202605","P05013","85027.0","85027.0","87543.8","87543.8","2516.8","2516.8","72","PEN","1.93","Cuota Fija","Bajo","LIMA","SAN MIGUEL",,"65355.0",,"87543.8","87543.8",,"0.36203","0.36203","0.6379699999999999","2026-04-20 14:33:09","2026-05-19 19:51:49","29","CONTRATO CERRADO / DESEMBOLSO","Digital","Fondos privados","false","3.32","SI","0.029600009408776037",,"2026"
"CONTRATO CERRADO / DESEMBOLSO","202605","P04978","205000.0","205000.0","208095.5","208095.5","3095.5","3095.5","72","PEN","1.75","Cuota Fija","Bajo","LIMA","LA MOLINA","casa","276755.0",,"208095.5","208095.5",,"0.203219","0.203219","0.796781","2026-04-20 22:56:58","2026-05-11 15:17:38","20","CONTRATO CERRADO / DESEMBOLSO","Digital","Fondos privados","true","3.32","SI","0.0151",,"2026"
"CONTRATO CERRADO / DESEMBOLSO","202605","P04989","40000.0","40000.0","41512.0","41512.0","1512.0","1512.0","72","PEN","2.9","Cuota Fija","Moderado","CHICLAYO","CHICLAYO","terreno","63190.0",,"41512.0","41512.0",,"0.177551","0.177551","0.822449","2026-04-20 20:43:16","2026-05-15 23:01:23","25","CONTRATO CERRADO / DESEMBOLSO","Digital","Fondos privados","false","3.32","SI","0.0378",,"2026"
"CONTRATO CERRADO / DESEMBOLSO","202605","P04975","300000.0","300000.0","328500.0","328500.0","28500.0","28500.0","84","PEN","1.85","Cuota Fija","Medio","LIMA","ATE","casa","448316.0",,"328500.0","328500.0",,"0.198038","0.198038","0.8019620000000001","2026-04-22 19:59:07","2026-05-14 21:25:01","22","CONTRATO CERRADO / DESEMBOLSO","Digital","Inversionista P2P","false","3.32","SI","0.095",,"2026"
"CONTRATO CERRADO / DESEMBOLSO","202605","P04981","115000.0","115000.0","116886.0","116886.0","1886.0","1886.0","72","PEN","2.55","Cuota Fija","Bajo Medio","CHICLAYO","CHICLAYO",,"89553.0",,"116886.0","116886.0",,"0.352761","0.352761","0.647239","2026-04-23 20:42:11","2026-05-13 22:18:54","20","CONTRATO CERRADO / DESEMBOLSO","Presencial","Fondos privados","false","3.32","SI","0.0164",,"2026"
"CONTRATO CERRADO / DESEMBOLSO","202606","P05066","100000.0","100000.0","120500.0","120500.0","20500.0","20500.0","60","PEN","2.0","Cuota Fija","Moderado Medio","SAN MARTIN","MORALES",,"186419.0",,"120500.0","120500.0",,"0.174701","0.174701","0.825299","2026-04-23 21:47:01","2026-06-05 17:18:08","42","CONTRATO CERRADO / DESEMBOLSO","Presencial","Inversionista P2P","true","3.32","SI","0.205",,"2026"
"CONTRATO CERRADO / DESEMBOLSO","202605","P04991","70000.0","70000.0","87150.0","87150.0","17150.0","17150.0","36","PEN","1.7","Cuota Fija","Alto","CALLAO","MI PERU","casa","66768.0","221669.76","87150.0","87150.0",,"0.352775","0.352775","0.6472249999999999","2026-04-24 01:52:54","2026-05-18 15:47:32","24","CONTRATO CERRADO / DESEMBOLSO","Digital","Inversionista P2P","false","3.32","SI","0.245",,"2026"
"CONTRATO CERRADO / DESEMBOLSO","202605","P04993","300000.0","300000.0","327000.0","327000.0","27000.0","27000.0","72","PEN","1.8","Cuota Fija",,"LIMA","SAN MARTIN DE PORRES","casa","244485.0",,"327000.0","327000.0",,"0.361488","0.361488","0.638512","2026-04-23 22:51:38","2026-05-18 20:27:55","24","CONTRATO CERRADO / DESEMBOLSO","Digital","Inversionista P2P","false","3.32","SI","0.09",,"2026"
"CONTRATO CERRADO / DESEMBOLSO","202605","P04973","50000.0","50000.0","63750.0","63750.0","13750.0","13750.0","36","PEN","1.52","Cuota Fija","Moderado Medio","LIMA","CARABAYLLO","departamento","53632.0",,"63750.0","63750.0",,"0.321258","0.321258","0.678742","2026-04-24 15:57:53","2026-05-13 15:30:50","18","CONTRATO CERRADO / DESEMBOLSO","Digital","Inversionista P2P","false","3.32","SI","0.275",,"2026"
"CONTRATO CERRADO / DESEMBOLSO","202606","P05100","500000.0","500000.0","557500.0","557500.0","57500.0","57500.0","12","PEN","1.56","Credito Puente","Bajo Medio","LIMA","SURQUILLO","casa","301142.0",,"557500.0","557500.0",,"0.500348","0.500348","0.499652","2026-04-27 19:52:00","2026-06-16 21:06:44","50","CONTRATO CERRADO / DESEMBOLSO","Digital","Inversionista P2P","false","3.343","SI","0.115",,"2026"
"CONTRATO CERRADO / DESEMBOLSO","202606","P05143","1359203.76","1359203.76","1380951.03","1380951.03","21747.27","21747.27","120","PEN","1.59","Cuota Fija","Bajo","HUARAZ","INDEPENDENCIA",,"784112.0",,"1380951.03","1380951.03",,"0.475991","0.475991","0.524009","2026-04-28 21:08:50","2026-06-30 19:48:53","62","CONTRATO CERRADO / DESEMBOLSO","Presencial","Inversionista P2P","false","3.343","SI","0.01600000723953265",,"2026"
"CONTRATO CERRADO / DESEMBOLSO","202605","P05012","20000.0","20000.0","21310.0","21310.0","1310.0","1310.0","72","PEN","2.99","Cuota Fija","Medio","TRUJILLO","TRUJILLO","local","32175.0",,"21310.0","21310.0",,"0.179004","0.179004","0.8209960000000001","2026-04-30 22:38:51","2026-05-18 23:24:42","18","CONTRATO CERRADO / DESEMBOLSO","Digital","Fondos privados","false","3.343","SI","0.0655",,"2026"
"CONTRATO CERRADO / DESEMBOLSO","202605","P05033","30000.0","30000.0","40200.0","40200.0","10200.0","10200.0","60","PEN","1.42","Cuota Fija","Medio","CALLAO","CALLAO","casa","80148.0",,"40200.0","40200.0",,"0.13556","0.13556","0.86444","2026-04-30 23:16:02","2026-05-27 22:51:46","26","CONTRATO CERRADO / DESEMBOLSO","Digital","Inversionista P2P","true","3.343","SI","0.34",,"2026"
"CONTRATO CERRADO / DESEMBOLSO","202605","P05053","50000.0","50000.0","52360.0","52360.0","2360.0","2360.0","72","PEN","2.24","Cuota Fija","Moderado","LIMA","SAN JUAN DE LURIGANCHO","departamento","41912.0",,"52360.0","52360.0",,"0.337644","0.337644","0.662356","2026-04-30 23:51:58","2026-05-30 21:04:54","29","CONTRATO CERRADO / DESEMBOLSO","Digital","Fondos privados","false","3.343","SI","0.0472",,"2026"
"CONTRATO CERRADO / DESEMBOLSO","202605","P05000","28000.0","28000.0","36540.0","36540.0","8540.0","8540.0","36","PEN","1.35","Cuota Fija","Bajo Medio","LIMA","SAN JUAN DE LURIGANCHO","departamento","53990.0",,"36540.0","36540.0",,"0.182917","0.182917","0.817083","2026-05-04 19:34:44","2026-05-21 22:37:18","17","CONTRATO CERRADO / DESEMBOLSO","Digital","Inversionista P2P","true","3.343","SI","0.305",,"2026"
"CONTRATO CERRADO / DESEMBOLSO","202605","P05050","81614.384","81614.384","81616.0","81616.0","1.616","1.616","72","PEN","2.83","Cuota Fija","Moderado","AREQUIPA","CERRO COLORADO","casa","161188.0",,"81616.0","81616.0",,"0.136849","0.136849","0.863151","2026-05-05 14:53:30","2026-05-29 19:10:20","24","CONTRATO CERRADO / DESEMBOLSO","Digital","Fondos privados","true","3.343","SI","1.980043125731366E-5",,"2026"
"CONTRATO CERRADO / DESEMBOLSO","202605","P05039","200000.0","200000.0","223000.0","223000.0","23000.0","23000.0","72","PEN","2.4","Cuota Fija","Moderado Medio","PIURA","PIURA","casa","172498.0",,"223000.0","223000.0",,"0.349397","0.349397","0.650603","2026-05-05 16:52:19","2026-05-29 23:01:22","24","CONTRATO CERRADO / DESEMBOLSO","Digital","Inversionista P2P","false","3.343","SI","0.115",,"2026"
"CONTRATO CERRADO / DESEMBOLSO","202606","P05110","41000.0","41000.0","54120.0","54120.0","13120.0","13120.0","60","PEN","2.05","Cuota Fija","Medio","SANTA ","CHIMBOTE",,"62597.0",,"54120.0","54120.0",,"0.23367","0.23367","0.76633","2026-05-07 18:25:01","2026-06-18 18:02:48","41","CONTRATO CERRADO / DESEMBOLSO","Presencial","Inversionista P2P","false","3.343","SI","0.32",,"2026"
"CONTRATO CERRADO / DESEMBOLSO","202606","P05104","70000.0","70000.0","85750.0","85750.0","15750.0","15750.0","72","PEN","2.2","Cuota Fija","Medio","HUARAZ","HUARAZ",,"164110.0",,"85750.0","85750.0",,"0.14122","0.14122","0.85878","2026-05-13 03:55:36","2026-06-17 19:16:46","35","CONTRATO CERRADO / DESEMBOLSO","Presencial","Inversionista P2P","false","3.343","SI","0.225",,"2026"
"CONTRATO CERRADO / DESEMBOLSO","202605","P05049","135000.0","135000.0","137767.5","137767.5","2767.5","2767.5","24","PEN","2.6","Cuota Fija","Bajo Medio","LIMA","ATE","departamento","83073.0",,"137767.5","137767.5",,"0.448214","0.448214","0.551786","2026-05-12 15:02:38","2026-05-28 21:10:25","16","CONTRATO CERRADO / DESEMBOLSO","Digital","Fondos privados","false","3.343","SI","0.0205",,"2026"
"CONTRATO CERRADO / DESEMBOLSO","202606","P05077","205000.0","205000.0","209735.5","209735.5","4735.5","4735.5","72","PEN","2.0","Cuota Fija","Bajo","LIMA","MIRAFLORES",,"111871.0",,"209735.5","209735.5",,"0.506702","0.506702","0.493298","2026-05-12 21:36:38","2026-06-10 20:10:49","28","CONTRATO CERRADO / DESEMBOLSO","Presencial","Fondos privados","false","3.343","SI","0.0231",,"2026"
"CONTRATO CERRADO / DESEMBOLSO","202605","P05025","50000.0","50000.0","62000.0","62000.0","12000.0","12000.0","60","PEN","1.48","Cuota Fija","Moderado","LIMA","INDEPENDENCIA","casa","85236.0",,"62000.0","62000.0",,"0.196592","0.196592","0.803408","2026-05-13 17:10:42","2026-05-25 22:05:52","12","CONTRATO CERRADO / DESEMBOLSO","Digital","Inversionista P2P","false","3.343","SI","0.24",,"2026"
"CONTRATO CERRADO / DESEMBOLSO","202606","P05098","78042.12","78042.12","94821.18","94821.18","16779.06","16779.06","72","PEN","1.48","Cuota Fija","Moderado","LIMA","LA MOLINA",,"116025.0",,"94821.18","94821.18",,"0.220878","0.220878","0.779122","2026-05-14 16:10:56","2026-06-15 19:44:09","32","CONTRATO CERRADO / DESEMBOLSO","Digital","Inversionista P2P","true","3.343","SI","0.21500005381709264",,"2026"
"CONTRATO CERRADO / DESEMBOLSO","202607","P05159","40000.0","40000.0","51600.0","51600.0","11600.0","11600.0","18","PEN","1.47","Cuota Fija","Medio","LIMA","CERCADO","local","60528.0",,"51600.0","51600.0",,"0.230405","0.230405","0.769595","2026-05-15 22:51:44","2026-07-08 22:50:17","53","CONTRATO CERRADO / DESEMBOLSO","Digital","Inversionista P2P","false","3.343","SI","0.29",,"2026"
"CONTRATO CERRADO / DESEMBOLSO","202606","P05095","15000.0","15000.0","20325.0","20325.0","5325.0","5325.0","36","PEN","1.7","Cuota Fija","Moderado","LIMA","CERCADO",,"42468.0",,"20325.0","20325.0",,"0.12935","0.12935","0.87065","2026-05-21 17:04:45","2026-06-13 19:17:31","23","CONTRATO CERRADO / DESEMBOLSO","Digital","Inversionista P2P","true","3.351","SI","0.355",,"2026"
"CONTRATO CERRADO / DESEMBOLSO","202606","P05109","501792.0","501792.0","539426.13","539426.13","37634.13","37634.13","24","PEN","1.61","Amortizacion libre","Moderado","LIMA","SANTIAGO DE SURCO",,"306860.0",,"539426.13","539426.13",,"0.475105","0.475105","0.524895","2026-05-22 14:15:28","2026-06-18 17:42:33","27","CONTRATO CERRADO / DESEMBOLSO","Digital","Inversionista P2P","false","3.351","SI","0.07499946192844843",,"2026"
"CONTRATO CERRADO / DESEMBOLSO","202606","P05122  ","135000.0","135000.0","137862.0","137862.0","2862.0","2862.0","72","PEN","2.4","Cuota Fija","Bajo Medio","LIMA","SANTIAGO DE SURCO","departamento","102568.0",,"137862.0","137862.0",,"0.363271","0.363271","0.636729","2026-05-22 21:20:32","2026-06-19 14:40:53","27","CONTRATO CERRADO / DESEMBOLSO","Digital","Fondos privados","true","3.343","SI","0.0212",,"2026"
"CONTRATO CERRADO / DESEMBOLSO","202606","P05107","250000.0","250000.0","282500.0","282500.0","32500.0","32500.0","72","PEN","1.65","Cuota Fija","Bajo Medio","LIMA","ATE","casa","296201.0",,"282500.0","282500.0",,"0.257769","0.257769","0.742231","2026-05-26 22:04:18","2026-06-17 20:40:56","21","CONTRATO CERRADO / DESEMBOLSO","Digital","Inversionista P2P","true","3.351","SI","0.13",,"2026"
"CONTRATO CERRADO / DESEMBOLSO","202607","P05160","40000.0","40000.0","52400.0","52400.0","12400.0","12400.0","72","PEN","1.99","Cuota Fija","Moderado Medio","PIURA","PIURA",,"54860.0",,"52400.0","52400.0",,"0.258151","0.258151","0.741849","2026-05-28 21:29:21","2026-07-08 22:28:18","41","CONTRATO CERRADO / DESEMBOLSO","Digital","Inversionista P2P","false","3.351","SI","0.31",,"2026"
"CONTRATO CERRADO / DESEMBOLSO","202606","P05135","25000.0","25000.0","32875.0","32875.0","7875.0","7875.0","36","PEN","1.77","Cuota Fija","Bajo Medio","TRUJILLO","TRUJILLO","departamento","52430.0",,"32875.0","32875.0",,"0.169467","0.169467","0.830533","2026-05-29 20:09:28","2026-06-22 14:49:46","23","CONTRATO CERRADO / DESEMBOLSO","Digital","Inversionista P2P","false","3.351","SI","0.315",,"2026"
"CONTRATO CERRADO / DESEMBOLSO","202606","P05131","50000.0","50000.0","64000.0","64000.0","14000.0","14000.0","24","PEN","1.27","Cuota Fija","Moderado","LIMA","INDEPENDECIA","casa","210000.0",,"64000.0","64000.0",,"0.082368","0.082368","0.917632","2026-05-30 00:07:04","2026-06-25 15:45:00","26","CONTRATO CERRADO / DESEMBOLSO","Digital","Inversionista P2P","true","3.351","SI","0.28",,"2026"
"CONTRATO CERRADO / DESEMBOLSO","202606","P05144","150000.0","150000.0","175500.0","175500.0","25500.0","25500.0","60","PEN","2.15","Cuota Fija","Moderado","TRUJILLO","TRUJILLO","casa","300960.0",,"175500.0","175500.0",,"0.157604","0.157604","0.842396","2026-06-02 20:08:11","2026-06-30 21:01:48","28","CONTRATO CERRADO / DESEMBOLSO","Digital","Inversionista P2P","false","3.351","SI","0.17",,"2026"
"CONTRATO CERRADO / DESEMBOLSO","202606","P05101","40000.0","40000.0","52400.0","52400.0","12400.0","12400.0","48","PEN","1.52","Cuota Fija","Alto","CALLAO","CALLAO","casa","51078.0",,"52400.0","52400.0",,"0.277265","0.277265","0.722735","2026-06-03 15:30:49","2026-06-16 21:30:56","13","CONTRATO CERRADO / DESEMBOLSO","Digital","Inversionista P2P","false","3.351","SI","0.31",,"2026"
"CONTRATO CERRADO / DESEMBOLSO","202606","P05134","30000.0","30000.0","40800.0","40800.0","10800.0","10800.0","72","PEN","1.75","Cuota Fija","Moderado","PIURA","CASTILLA","casa","34353.0",,"40800.0","40800.0",,"0.320992","0.320992","0.6790080000000001","2026-06-05 17:41:08","2026-06-24 22:12:06","19","CONTRATO CERRADO / DESEMBOLSO","Digital","Inversionista P2P","false","3.351","SI","0.36",,"2026"
"CONTRATO CERRADO / DESEMBOLSO","202607","P05176","130000.0","130000.0","147940.0","147940.0","17940.0","17940.0","72","PEN","1.5","Cuota Fija","Bajo Medio","LIMA","SAN MARTIN DE PORRES",,"98426.0",,"147940.0","147940.0",,"0.406232","0.406232","0.5937680000000001","2026-06-06 00:24:25","2026-07-13 15:54:43","37","CONTRATO CERRADO / DESEMBOLSO","Digital","Inversionista P2P","false","3.351","SI","0.138",,"2026"
"CONTRATO CERRADO / DESEMBOLSO","202606","P05132","38000.0","38000.0","49780.0","49780.0","11780.0","11780.0","48","PEN","1.45","Cuota Fija","Medio","LIMA","COMAS","casa","142959.0",,"49780.0","49780.0",,"0.094111","0.094111","0.9058889999999999","2026-06-08 16:12:20","2026-06-26 23:01:26","18","CONTRATO CERRADO / DESEMBOLSO","Digital","Inversionista P2P","true","3.351","SI","0.31",,"2026"
"CONTRATO CERRADO / DESEMBOLSO","202607","P05211","16000.0","16000.0","22880.0","22880.0","6880.0","6880.0","48","PEN","1.92","Cuota Fija","Alto","PIURA","PIURA","departamento","60495.0",,"22880.0","22880.0",,"0.10222","0.10222","0.89778","2026-06-08 16:29:46","2026-07-22 23:01:05","44","CONTRATO CERRADO / DESEMBOLSO","Digital","Inversionista P2P","true","3.351","SI","0.43",,"2026"
"CONTRATO CERRADO / DESEMBOLSO","202606","P05133","30000.0","30000.0","38250.0","38250.0","8250.0","8250.0","12","PEN","1.15","Amortizacion libre","Bajo Medio","LIMA","COMAS","casa","100567.0",,"38250.0","38250.0",,"0.102795","0.102795","0.897205","2026-06-08 22:30:01","2026-06-26 22:52:17","18","CONTRATO CERRADO / DESEMBOLSO","Digital","Inversionista P2P","true","3.351","SI","0.275",,"2026"
"CONTRATO CERRADO / DESEMBOLSO","202607","P05215","70000.0","70000.0","88200.0","88200.0","18200.0","18200.0","60","PEN","1.52","Cuota Fija","Moderado","LIMA","SAN JUAN DE LURIGANCHO","casa","147680.0",,"88200.0","88200.0",,"0.161415","0.161415","0.838585","2026-06-08 22:27:10","2026-07-24 15:25:02","45","CONTRATO CERRADO / DESEMBOLSO","Digital","Inversionista P2P","false","3.351","SI","0.26",,"2026"
"CONTRATO CERRADO / DESEMBOLSO","202607","P05194","25000.0","25000.0","33875.0","33875.0","8875.0","8875.0","48","PEN","1.98","Cuota Fija",,"MORROPON","CHULUCANAS",,"37373.0",,"33875.0","33875.0",,"0.244974","0.244974","0.755026","2026-06-10 22:24:38","2026-07-15 23:55:35","35","CONTRATO CERRADO / DESEMBOLSO","Presencial","Inversionista P2P","false","3.351","SI","0.355",,"2026"
"CONTRATO CERRADO / DESEMBOLSO","202607","P05192","30000.0","30000.0","40350.0","40350.0","10350.0","10350.0","18","PEN","1.35","Cuota Fija","Medio","LIMA","SAN JUAN DE MIRAFLORES","casa","174300.0",,"40350.0","40350.0",,"0.062567","0.062567","0.937433","2026-06-11 21:53:13","2026-07-16 14:27:07","34","CONTRATO CERRADO / DESEMBOLSO","Digital","Inversionista P2P","true","3.351","SI","0.345",,"2026"
"CONTRATO CERRADO / DESEMBOLSO","202606","P05145","50000.0","50000.0","64500.0","64500.0","14500.0","14500.0","60","PEN","1.23","Cuota Fija","Bajo","LIMA","LA MOLINA","local","126240.0",,"64500.0","64500.0",,"0.13809","0.13809","0.86191","2026-06-15 16:28:50","2026-06-30 22:05:35","15","CONTRATO CERRADO / DESEMBOLSO","Digital","Inversionista P2P","true","3.351","SI","0.29",,"2026"
"CONTRATO CERRADO / DESEMBOLSO","202607","P05212","70000.0","70000.0","88200.0","88200.0","18200.0","18200.0","72","PEN","1.99","Cuota Fija","Bajo Medio","SULLANA","SULLANA",,"132264.0",,"88200.0","88200.0",,"0.180229","0.180229","0.819771","2026-06-19 14:19:02","2026-07-24 20:51:13","35","CONTRATO CERRADO / DESEMBOLSO","Digital","Inversionista P2P","true","3.359","SI","0.26",,"2026"
"CONTRATO CERRADO / DESEMBOLSO","202607","P05162","15000.0","15000.0","21450.0","21450.0","6450.0","6450.0","72","PEN","1.28","Cuota Fija","Bajo Medio","LIMA","CHORRILLOS","local","16703.0",,"21450.0","21450.0",,"0.347081","0.347081","0.652919","2026-06-19 15:50:43","2026-07-08 22:08:12","19","CONTRATO CERRADO / DESEMBOLSO","Digital","Inversionista P2P","false","3.351","SI","0.43",,"2026"
"CONTRATO CERRADO / DESEMBOLSO","202607","P05209","45000.0","45000.0","58050.0","58050.0","13050.0","13050.0","60","PEN","2.06","Cuota Fija","Bajo Medio","TRUJILLO","TRUJILLO","casa","78309.0",,"58050.0","58050.0",,"0.20035","0.20035","0.79965","2026-06-22 21:35:17","2026-07-22 23:00:58","30","CONTRATO CERRADO / DESEMBOLSO","Digital","Inversionista P2P","false","3.351","SI","0.29",,"2026"
"CONTRATO CERRADO / DESEMBOLSO","202607","P05173","159536.15000000002","159536.15000000002","162423.76","162423.76","2887.61","2887.61","72","PEN","1.8","Cuota Fija","Bajo Medio","LIMA","SURQUILLO",,"98000.0",,"162423.76","162423.76",,"0.447942","0.447942","0.5520579999999999","2026-06-23 20:25:25","2026-07-10 22:32:25","17","CONTRATO CERRADO / DESEMBOLSO","Digital","Fondos privados","false","3.351","SI","0.018100035634556807",,"2026"
"CONTRATO CERRADO / DESEMBOLSO","202607","P05229","300000.0","300000.0","302640.0","302640.0","2640.0","2640.0","24","PEN","2.2","Cuota Fija","Moderado Medio","TRUJILLO","TRUJILLO",,"329922.0",,"302640.0","302640.0",,"0.247921","0.247921","0.7520789999999999","2026-06-24 20:33:11","2026-07-24 21:26:10","30","CONTRATO CERRADO / DESEMBOLSO","Presencial","Fondos privados","false","3.351","SI","0.0088",,"2026"
"CONTRATO CERRADO / DESEMBOLSO","202607","P05198","130000.0","130000.0","132743.0","132743.0","2743.0","2743.0","72","PEN","2.21","Cuota Fija","Bajo Medio","LIMA","SAN JUAN DE LURIGANCHO","casa","130200.0",,"132743.0","132743.0",,"0.275549","0.275549","0.724451","2026-06-25 22:35:36","2026-07-15 19:34:27","19","CONTRATO CERRADO / DESEMBOLSO","Digital","Fondos privados","false","3.351","SI","0.0211",,"2026"
"CONTRATO CERRADO / DESEMBOLSO","202603","P04836","22000.0","22000.0","24224.2","24224.2","2224.2","2224.2","12","PEN","3.9","Cuota Fija","Moderado","LIMA","VENTANILLA",,"49009.0",,"24224.2","24224.2",,"0.133589","0.133589","0.866411","2025-09-15 15:58:59","2026-03-24 21:23:32","190","CONTRATO CERRADO / DESEMBOLSO","Digital","Fondos privados","true","3.538","SI","0.1011",,"2026"
"CONTRATO CERRADO / DESEMBOLSO","202601","P04593","40000.0","40000.0","50600.0","50600.0","10600.0","10600.0","72","PEN","2.12","Cuota Fija","Moderado","HUANCAYO","HUANCAYO","departamento","53307.0",,"50600.0","50600.0",,"0.256546","0.256546","0.7434540000000001","2025-10-09 22:31:17","2026-01-08 22:44:36","91","CONTRATO CERRADO / DESEMBOLSO","Digital","Inversionista P2P","false","3.506","SI","0.265",,"2026"
"CONTRATO CERRADO / DESEMBOLSO","202601","P04603","80000.0","80000.0","97200.0","97200.0","17200.0","17200.0","72","PEN","1.39","Cuota Fija","Moderado Medio","CAÑETE","CHILCA","casa","82027.0",,"97200.0","97200.0",,"0.320264","0.320264","0.679736","2025-10-30 23:11:39","2026-01-12 23:31:13","74","CONTRATO CERRADO / DESEMBOLSO","Digital","Inversionista P2P","false","3.457","SI","0.215",,"2026"
"CONTRATO CERRADO / DESEMBOLSO","202602","P04701","130000.0","130000.0","148200.0","148200.0","18200.0","18200.0","96","PEN","1.78","Cuota Fija","Moderado Medio","LIMA","MAGDALENA DEL MAR","departamento","185177.0",,"148200.0","148200.0",,"0.216301","0.216301","0.783699","2025-11-07 17:23:33","2026-02-12 19:31:17","97","CONTRATO CERRADO / DESEMBOLSO","Digital","Inversionista P2P","true","3.457","SI","0.14",,"2026"
"CONTRATO CERRADO / DESEMBOLSO","202602","P04750","395858.01999999996","395858.01999999996","402468.85","402468.85","6610.83","6610.83","120","PEN","1.38","Cuota Fija","Bajo","LIMA","SAN BORJA",,"310021.0",,"402468.85","402468.85",,"0.350865","0.350865","0.649135","2025-11-12 21:51:44","2026-02-28 17:23:17","107","CONTRATO CERRADO / DESEMBOLSO","Presencial","Fondos privados","false","3.384","SI","0.01670000269288469",,"2026"
"CONTRATO CERRADO / DESEMBOLSO","202601","P04602","31580.04","31580.04","40580.36","40580.36","9000.32","9000.32","24","PEN","1.59","Cuota Fija","Moderado","LIMA","SAN JUAN DE LURIGANCHO",,"110963.0",,"40580.36","40580.36",,"0.098841","0.098841","0.901159","2025-11-19 16:57:53","2026-01-12 17:17:04","54","CONTRATO CERRADO / DESEMBOLSO","Digital","Inversionista P2P","true","3.414","SI","0.2850002723239109",,"2026"
"CONTRATO CERRADO / DESEMBOLSO","202601","P04581","61000.0","61000.0","63403.4","63403.4","2403.4","2403.4","48","PEN","1.95","Cuota Fija","Alto","LIMA","SAN ISIDRO","local","52977.0",,"63403.4","63403.4",,"0.323462","0.323462","0.676538","2025-11-19 21:30:35","2026-01-02 22:05:15","44","CONTRATO CERRADO / DESEMBOLSO","Digital","Fondos privados","false","3.414","SI","0.039400000000000004",,"2026"
"CONTRATO CERRADO / DESEMBOLSO","202601","P04615","100000.0","100000.0","102910.0","102910.0","2910.0","2910.0","60","PEN","2.0","Cuota Fija","Moderado","PIURA","PIURA",,"106315.0",,"102910.0","102910.0",,"0.261614","0.261614","0.738386","2025-11-20 16:13:59","2026-01-12 22:53:55","53","CONTRATO CERRADO / DESEMBOLSO","Presencial","Fondos privados","false","3.457","SI","0.0291",,"2026"
"CONTRATO CERRADO / DESEMBOLSO","202601","P04599","117000.0","117000.0","119667.6","119667.6","2667.6","2667.6","72","PEN","1.8","Cuota Fija","Moderado Medio","LIMA","MIRAFLORES","local","68850.0",,"119667.6","119667.6",,"0.469755","0.469755","0.5302450000000001","2025-11-20 21:24:51","2026-01-08 21:58:34","49","CONTRATO CERRADO / DESEMBOLSO","Digital","Fondos privados","false","3.457","SI","0.0228",,"2026"
"CONTRATO CERRADO / DESEMBOLSO","202601","P04656","60000.0","60000.0","75300.0","75300.0","15300.0","15300.0","72","PEN","1.68","Cuota Fija","Medio","LIMA","CALLAO","departamento","88086.0",,"75300.0","75300.0",,"0.231039","0.231039","0.768961","2025-11-25 20:42:26","2026-01-30 22:40:01","66","CONTRATO CERRADO / DESEMBOLSO","Digital","Inversionista P2P","false","3.384","SI","0.255",,"2026"
"CONTRATO CERRADO / DESEMBOLSO","202601","P04670","150000.0","150000.0","152835.0","152835.0","2835.0","2835.0","72","PEN","1.93","Cuota Fija","Bajo Medio","LIMA","SURQUILLO","departamento","137066.0",,"152835.0","152835.0",,"0.301364","0.301364","0.698636","2025-11-27 21:58:00","2026-01-29 22:39:37","63","CONTRATO CERRADO / DESEMBOLSO","Digital","Fondos privados","false","3.414","SI","0.0189",,"2026"
"CONTRATO CERRADO / DESEMBOLSO","202601","P04585","100000.0","100000.0","117000.0","117000.0","17000.0","17000.0","36","PEN","2.12","Cuota Fija","Bajo Medio","AREQUIPA","AREQUIPA","casa","276320.0",,"117000.0","117000.0",,"0.114438","0.114438","0.885562","2025-12-02 17:33:44","2026-01-05 22:30:51","34","CONTRATO CERRADO / DESEMBOLSO","Digital","Inversionista P2P","true","3.414","SI","0.17",,"2026"
"CONTRATO CERRADO / DESEMBOLSO","202601","P04618","300000.0","300000.0","302670.0","302670.0","2670.0","2670.0","120","PEN","2.95","Cuota Fija","Moderado Medio","AREQUIPA","ALTO SELVA ALEGRE","casa","290116.0",,"302670.0","302670.0",,"0.281965","0.281965","0.718035","2025-12-04 17:09:14","2026-01-13 22:21:07","40","CONTRATO CERRADO / DESEMBOLSO","Digital","Fondos privados","false","3.414","SI","0.0089",,"2026"
"CONTRATO CERRADO / DESEMBOLSO","202605","P05007","75000.0","75000.0","89250.0","89250.0","14250.0","14250.0","84","PEN","1.5","Cuota Fija","Bajo Medio","LIMA","SAN LUIS","departamento","93498.0",,"89250.0","89250.0",,"0.257991","0.257991","0.7420089999999999","2025-12-10 16:07:37","2026-05-22 13:16:55","162","CONTRATO CERRADO / DESEMBOLSO","Digital","Inversionista P2P","false","3.414","SI","0.19",,"2026"
"CONTRATO CERRADO / DESEMBOLSO","202601","P04619","80000.0","80000.0","82496.0","82496.0","2496.0","2496.0","60","PEN","2.6","Cuota Fija","Moderado","LIMA","SAN JUAN DE LURIGANCHO",,"60308.0",,"82496.0","82496.0",,"0.369706","0.369706","0.630294","2025-12-11 15:27:34","2026-01-13 22:56:41","33","CONTRATO CERRADO / DESEMBOLSO","Presencial","Fondos privados","false","3.414","SI","0.0312",,"2026"
"CONTRATO CERRADO / DESEMBOLSO","202601","P04589","70000.0","70000.0","84700.0","84700.0","14700.0","14700.0","72","PEN","1.67","Cuota Fija","Moderado Medio","LIMA","SAN MARTIN DE PORRES","departamento","64156.0",,"84700.0","84700.0",,"0.356816","0.356816","0.643184","2025-12-12 14:19:49","2026-01-08 17:42:31","27","CONTRATO CERRADO / DESEMBOLSO","Digital","Inversionista P2P","false","3.414","SI","0.21",,"2026"
"CONTRATO CERRADO / DESEMBOLSO","202602","P04749","50000.0","50000.0","53260.0","53260.0","3260.0","3260.0","60","PEN","3.5","Cuota Fija","Medio","LIMA","SAN MARTIN DE PORRES","casa","108388.0",,"53260.0","53260.0",,"0.132806","0.132806","0.867194","2025-12-13 15:29:56","2026-02-27 23:29:03","76","CONTRATO CERRADO / DESEMBOLSO","Digital","Fondos privados","true","3.414","SI","0.0652",,"2026"
"CONTRATO CERRADO / DESEMBOLSO","202603","P04837","130000.0","130000.0","132743.0","132743.0","2743.0","2743.0","48","PEN","2.3","Cuota Fija","Moderado","LIMA","MAGDALENA DEL MAR",,"160329.0",,"132743.0","132743.0",,"0.223768","0.223768","0.776232","2025-12-15 16:58:52","2026-03-24 14:33:20","98","CONTRATO CERRADO / DESEMBOLSO","Presencial","Fondos privados","true","3.384","SI","0.0211",,"2026"
"CONTRATO CERRADO / DESEMBOLSO","202601","P04610","25000.0","25000.0","33500.0","33500.0","8500.0","8500.0","48","PEN","1.48","Cuota Fija","Medio","LIMA","VILLA EL SALVADOR ","casa","93707.0",,"33500.0","33500.0",,"0.096621","0.096621","0.903379","2025-12-15 16:39:02","2026-01-15 21:55:28","31","CONTRATO CERRADO / DESEMBOLSO","Digital","Inversionista P2P","true","3.414","SI","0.34",,"2026"
"CONTRATO CERRADO / DESEMBOLSO","202601","P04587","45000.0","45000.0","56925.0","56925.0","11925.0","11925.0","72","PEN","1.5","Cuota Fija","Moderado","LIMA","LOS OLIVOS","departamento","45018.0",,"56925.0","56925.0",,"0.341755","0.341755","0.658245","2025-12-16 19:16:51","2026-01-07 19:09:53","21","CONTRATO CERRADO / DESEMBOLSO","Digital","Inversionista P2P","false","3.414","SI","0.265",,"2026"
"CONTRATO CERRADO / DESEMBOLSO","202601","P04638","19000.0","19000.0","21523.2","21523.2","2523.2","2523.2","48","PEN","2.92","Cuota Fija","Moderado Medio","PIURA","CASTILLA","casa","41378.0",,"21523.2","21523.2",,"0.140584","0.140584","0.859416","2025-12-16 16:45:39","2026-01-20 23:23:09","35","CONTRATO CERRADO / DESEMBOLSO","Digital","Fondos privados","true","3.414","SI","0.1328",,"2026"
"CONTRATO CERRADO / DESEMBOLSO","202601","P04609","80000.0","80000.0","94000.0","94000.0","14000.0","14000.0","72","PEN","1.39","Cuota Fija","Moderado Medio","CAÑETE","ASIA","casa","109038.0",,"94000.0","94000.0",,"0.232996","0.232996","0.767004","2025-12-15 17:07:04","2026-01-15 15:39:10","30","CONTRATO CERRADO / DESEMBOLSO","Digital","Inversionista P2P","false","3.414","SI","0.175",,"2026"
"CONTRATO CERRADO / DESEMBOLSO","202604","P04900","230000.0","230000.0","233220.0","233220.0","3220.0","3220.0","72","PEN","2.3","Cuota Fija","Moderado","HUARAL","HUARAL",,"224856.0",,"233220.0","233220.0",,"0.280324","0.280324","0.719676","2025-12-16 20:52:46","2026-04-15 14:50:17","119","CONTRATO CERRADO / DESEMBOLSO","Presencial","Fondos privados","false","3.317","SI","0.014",,"2026"
"CONTRATO CERRADO / DESEMBOLSO","202601","P04645","170000.0","170000.0","185300.0","185300.0","15300.0","15300.0","60","PEN","1.43","Cuota Fija","Bajo","LIMA","SAN MIGUEL",,"135745.0",,"185300.0","185300.0",,"0.368935","0.368935","0.631065","2025-12-16 21:05:23","2026-01-26 19:23:11","40","CONTRATO CERRADO / DESEMBOLSO","Presencial","Inversionista P2P","false","3.384","SI","0.09",,"2026"
"CONTRATO CERRADO / DESEMBOLSO","202601","P04632","150000.0","150000.0","168750.0","168750.0","18750.0","18750.0","48","PEN","1.59","Cuota Fija","Bajo","LIMA","LA MOLINA","casa","213028.0",,"168750.0","168750.0",,"0.214094","0.214094","0.785906","2025-12-16 22:16:57","2026-01-22 15:24:59","36","CONTRATO CERRADO / DESEMBOLSO","Digital","Inversionista P2P","true","3.414","SI","0.125",,"2026"
"CONTRATO CERRADO / DESEMBOLSO","202603","P04803","30000.0","30000.0","40200.0","40200.0","10200.0","10200.0","60","PEN","1.52","Cuota Fija","Moderado Medio","LIMA","SAN MARTIN DE PORRES","local","85773.0",,"40200.0","40200.0",,"0.12667","0.12667","0.8733299999999999","2025-12-17 16:02:26","2026-03-17 23:06:24","90","CONTRATO CERRADO / DESEMBOLSO","Digital","Inversionista P2P","false","3.414","SI","0.34",,"2026"
"CONTRATO CERRADO / DESEMBOLSO","202601","P04588","17000.0","17000.0","23375.0","23375.0","6375.0","6375.0","12","PEN","1.33","Cuota Fija","Bajo Medio","LIMA","CARABAYLLO","terreno","34292.0",,"23375.0","23375.0",,"0.184229","0.184229","0.815771","2025-12-18 17:29:14","2026-01-07 20:34:32","20","CONTRATO CERRADO / DESEMBOLSO","Digital","Inversionista P2P","true","3.414","SI","0.375",,"2026"
"CONTRATO CERRADO / DESEMBOLSO","202601","P04642","75000.0","75000.0","76657.5","76657.5","1657.5","1657.5","48","PEN","3.43","Cuota Fija","Medio","SANTA","NUEVO CHIMBOTE",,"56661.0",,"76657.5","76657.5",,"0.365653","0.365653","0.634347","2025-12-23 17:49:33","2026-01-23 22:54:12","31","CONTRATO CERRADO / DESEMBOLSO","Presencial","Fondos privados","false","3.384","SI","0.0221",,"2026"
"CONTRATO CERRADO / DESEMBOLSO","202601","P04655","144000.0","144000.0","158400.0","158400.0","14400.0","14400.0","72","PEN","1.51","Cuota Fija","Bajo Medio","LIMA","SAN MIGUEL","departamento","84554.0",,"158400.0","158400.0",,"0.506313","0.506313","0.493687","2025-12-20 16:48:07","2026-01-30 19:17:05","41","CONTRATO CERRADO / DESEMBOLSO","Digital","Inversionista P2P","false","3.414","SI","0.1",,"2026"
"CONTRATO CERRADO / DESEMBOLSO","202601","P04658","120000.0","120000.0","139800.0","139800.0","19800.0","19800.0","72","PEN","2.65","Cuota Fija","Moderado","HUANCAYO","TAMBO","local","220854.0",,"139800.0","139800.0",,"0.17108","0.17108","0.82892","2025-12-22 17:38:24","2026-01-30 22:02:44","39","CONTRATO CERRADO / DESEMBOLSO","Digital","Inversionista P2P","false","3.384","SI","0.165",,"2026"
"CONTRATO CERRADO / DESEMBOLSO","202602","P04684","164000.0","164000.0","180400.0","180400.0","16400.0","16400.0","84","PEN","1.49","Cuota Fija","Moderado","LIMA","SANTIAGO DE SURCO","departamento","97836.0",,"180400.0","180400.0",,"0.498352","0.498352","0.501648","2025-12-24 16:03:07","2026-02-02 14:26:59","39","CONTRATO CERRADO / DESEMBOLSO","Digital","Inversionista P2P","false","3.384","SI","0.1",,"2026"
"CONTRATO CERRADO / DESEMBOLSO","202601","P04660","290000.0","290000.0","313200.0","313200.0","23200.0","23200.0","48","PEN","1.27","Cuota Fija","Bajo","LIMA","MIRAFLORES",,"325801.0",,"313200.0","313200.0",,"0.259817","0.259817","0.740183","2025-12-30 23:49:56","2026-01-31 18:06:29","31","CONTRATO CERRADO / DESEMBOLSO","Presencial","Inversionista P2P","true","3.384","SI","0.08",,"2026"
"CONTRATO CERRADO / DESEMBOLSO","202602","P04730","100000.0","100000.0","118500.0","118500.0","18500.0","18500.0","72","PEN","1.49","Cuota Fija","Bajo Medio","LIMA","SAN JUAN DE LURIGANCHO",,"103377.0",,"118500.0","118500.0",,"0.309808","0.309808","0.690192","2025-12-30 21:54:21","2026-02-20 14:08:56","51","CONTRATO CERRADO / DESEMBOLSO","Digital","Inversionista P2P","false","3.384","SI","0.185",,"2026"
"CONTRATO CERRADO / DESEMBOLSO","202601","P04666","55000.0","55000.0","56567.5","56567.5","1567.5","1567.5","60","PEN","3.16","Cuota Fija","Medio","SANTA","NUEVO CHIMBOTE",,"60573.0",,"56567.5","56567.5",,"0.252398","0.252398","0.747602","2026-01-04 17:22:43","2026-01-26 23:01:27","22","CONTRATO CERRADO / DESEMBOLSO","Presencial","Fondos privados","false","3.384","SI","0.0285",,"2026"
"CONTRATO CERRADO / DESEMBOLSO","202601","P04634","25000.0","25000.0","32875.0","32875.0","7875.0","7875.0","72","PEN","1.42","Cuota Fija","Moderado Medio","LIMA","LOS OLIVOS","departamento","54826.0",,"32875.0","32875.0",,"0.162061","0.162061","0.837939","2026-01-06 21:08:38","2026-01-22 23:05:58","16","CONTRATO CERRADO / DESEMBOLSO","Digital","Inversionista P2P","true","3.384","SI","0.315",,"2026"
"CONTRATO CERRADO / DESEMBOLSO","202602","P04752","110000.0","110000.0","112640.0","112640.0","2640.0","2640.0","36","PEN","3.0","Cuota Fija","Moderado","LAMBAYEQUE","LAMBAYEQUE",,"134768.0",,"112640.0","112640.0",,"0.225894","0.225894","0.774106","2026-01-07 18:03:54","2026-02-23 22:29:39","47","CONTRATO CERRADO / DESEMBOLSO","Presencial","Fondos privados","false","3.384","SI","0.024",,"2026"
"CONTRATO CERRADO / DESEMBOLSO","202602","P04703","80000.0","80000.0","98000.0","98000.0","18000.0","18000.0","72","PEN","2.0","Cuota Fija","Medio","AREQUIPA","MIRAFLORES",,"97035.0",,"98000.0","98000.0",,"0.272958","0.272958","0.727042","2026-01-07 17:38:06","2026-02-12 22:23:19","36","CONTRATO CERRADO / DESEMBOLSO","Presencial","Inversionista P2P","false","3.384","SI","0.225",,"2026"
"CONTRATO CERRADO / DESEMBOLSO","202602","P04685","65000.0","65000.0","79300.0","79300.0","14300.0","14300.0","60","PEN","1.47","Cuota Fija","Bajo","LIMA","LA MOLINA","departamento","131672.0",,"79300.0","79300.0",,"0.162771","0.162771","0.837229","2026-01-07 20:06:51","2026-02-03 16:51:41","26","CONTRATO CERRADO / DESEMBOLSO","Digital","Inversionista P2P","true","3.384","SI","0.22",,"2026"
"CONTRATO CERRADO / DESEMBOLSO","202604","P04892","100000.0","331700.0","105000.0","348285.0","5000.0","16585.0","12","USD","1.12","Credito Puente","Bajo Medio","LIMA","SAN ISIDRO",,"257899.0",,"105000.0","105000.0",,"0.407136","0.407136","0.5928640000000001","2026-01-07 22:24:44","2026-04-15 22:50:33","98","CONTRATO CERRADO / DESEMBOLSO","Presencial","Inversionista P2P","false","3.317","SI","0.05",,"2026"
"CONTRATO CERRADO / DESEMBOLSO","202601","P04674","101639.31","101639.31","105399.97","105399.97","3760.66","3760.66","72","PEN","2.25","Cuota Fija","Bajo","LIMA","SAN MARTIN DE PORRES",,"56654.0",,"105399.97","105399.97",,"0.502815","0.502815","0.497185","2026-01-08 21:52:03","2026-01-29 23:12:06","21","CONTRATO CERRADO / DESEMBOLSO","Digital","Fondos privados","false","3.384","SI","0.03700005440808286",,"2026"
"CONTRATO CERRADO / DESEMBOLSO","202602","P04736","170000.0","170000.0","172108.0","172108.0","2108.0","2108.0","72","PEN","2.6","Cuota Fija","Moderado","SANTA","CHIMBOTE",,"297107.0",,"172108.0","172108.0",,"0.156562","0.156562","0.843438","2026-01-10 14:59:46","2026-02-19 02:26:25","39","CONTRATO CERRADO / DESEMBOLSO","Presencial","Fondos privados","false","3.384","SI","0.0124",,"2026"
"CONTRATO CERRADO / DESEMBOLSO","202601","P04664","45000.0","45000.0","47646.0","47646.0","2646.0","2646.0","72","PEN","2.97","Cuota Fija","Medio","PIURA","PIURA","casa","96536.0",,"47646.0","47646.0",,"0.133394","0.133394","0.866606","2026-01-09 22:24:47","2026-01-26 22:48:57","17","CONTRATO CERRADO / DESEMBOLSO","Digital","Fondos privados","true","3.384","SI","0.0588",,"2026"
"CONTRATO CERRADO / DESEMBOLSO","202602","P04717","60000.0","60000.0","74100.0","74100.0","14100.0","14100.0","36","PEN","2.17","Cuota Fija","Moderado Medio","TRUJILLO","EL PORVENIR","casa","60080.0",,"74100.0","74100.0",,"0.333339","0.333339","0.666661","2026-01-09 23:36:44","2026-02-16 22:14:46","37","CONTRATO CERRADO / DESEMBOLSO","Digital","Inversionista P2P","false","3.384","SI","0.235",,"2026"
"CONTRATO CERRADO / DESEMBOLSO","202602","P04733","60000.0","60000.0","62406.0","62406.0","2406.0","2406.0","60","PEN","2.9","Cuota Fija","Moderado Medio","SANTA","NUEVO CHIMBOTE",,"89923.0",,"62406.0","62406.0",,"0.187566","0.187566","0.812434","2026-01-12 19:26:00","2026-02-16 22:46:32","35","CONTRATO CERRADO / DESEMBOLSO","Presencial","Fondos privados","true","3.384","SI","0.0401",,"2026"
"CONTRATO CERRADO / DESEMBOLSO","202601","P04653","100000.0","100000.0","116500.0","116500.0","16500.0","16500.0","72","PEN","1.48","Cuota Fija","Bajo Medio","LIMA","SURCO","departamento","352987.0",,"116500.0","116500.0",,"0.0892","0.0892","0.9108","2026-01-14 21:11:30","2026-01-29 22:39:27","15","CONTRATO CERRADO / DESEMBOLSO","Digital","Inversionista P2P","true","3.384","SI","0.165",,"2026"
"CONTRATO CERRADO / DESEMBOLSO","202602","P04761","700000.0","700000.0","752500.0","752500.0","52500.0","52500.0","84","PEN","1.9","Cuota Fija","Moderado","LIMA","CIENEGUILLA","casa","555764.0",,"752500.0","752500.0",,"0.365944","0.365944","0.634056","2026-01-16 19:38:51","2026-02-25 18:08:09","39","CONTRATO CERRADO / DESEMBOLSO","Digital","Inversionista P2P","false","3.384","SI","0.075",,"2026"
"CONTRATO CERRADO / DESEMBOLSO","202602","P04687","170000.0","170000.0","190400.0","190400.0","20400.0","20400.0","72","PEN","2.04","Cuota Fija","Moderado Medio","LIMA","JESUS MARIA","departamento","113562.0",,"190400.0","190400.0",,"0.45314","0.45314","0.54686","2026-01-16 16:58:23","2026-02-04 23:11:34","19","CONTRATO CERRADO / DESEMBOLSO","Digital","Inversionista P2P","false","3.384","SI","0.12",,"2026"
"CONTRATO CERRADO / DESEMBOLSO","202602","P04728","25000.0","25000.0","33000.0","33000.0","8000.0","8000.0","72","PEN","1.42","Cuota Fija","Medio","LIMA","MAGDALENA DEL MAR","departamento","78016.0",,"33000.0","33000.0",,"0.114322","0.114322","0.885678","2026-01-20 16:25:19","2026-02-19 14:16:08","29","CONTRATO CERRADO / DESEMBOLSO","Digital","Inversionista P2P","true","3.384","SI","0.32",,"2026"
"CONTRATO CERRADO / DESEMBOLSO","202603","P04814","185000.0","185000.0","187997.0","187997.0","2997.0","2997.0","60","PEN","3.34","Cuota Fija","Moderado Medio","SAN MARTIN","TARAPOTO",,"141242.0",,"187997.0","187997.0",,"0.359737","0.359737","0.640263","2026-01-22 15:56:32","2026-03-16 23:01:22","53","CONTRATO CERRADO / DESEMBOLSO","Presencial","Fondos privados","false","3.346","SI","0.0162",,"2026"
"CONTRATO CERRADO / DESEMBOLSO","202605","P04959","158331.6","535794.1344","159677.42","540348.38928","1345.82","4554.2548799999995","72","USD","2.1","Cuota Fija","Bajo Medio","LIMA","RIMAC",,"487287.0",,"159677.42","159677.42",,"0.327687","0.327687","0.6723129999999999","2026-01-22 19:50:07","2026-05-04 21:42:24","102","CONTRATO CERRADO / DESEMBOLSO","Digital","Fondos privados","false","3.384","SI","0.008500008842202061",,"2026"
"CONTRATO CERRADO / DESEMBOLSO","202602","P04770","25000.0","25000.0","32375.0","32375.0","7375.0","7375.0","48","PEN","2.03","Cuota Fija","Medio","TRUJILLO","TRUJILLO","casa","50365.0",,"32375.0","32375.0",,"0.173732","0.173732","0.826268","2026-01-26 19:36:25","2026-02-26 17:48:16","30","CONTRATO CERRADO / DESEMBOLSO","Digital","Inversionista P2P","false","3.384","SI","0.295",,"2026"
"CONTRATO CERRADO / DESEMBOLSO","202602","P04712","150000.0","150000.0","152835.0","152835.0","2835.0","2835.0","60","PEN","2.82","Cuota Fija","Moderado","SANTA","NUEVO CHIMBOTE","casa","135043.0",,"152835.0","152835.0",,"0.305879","0.305879","0.694121","2026-01-27 16:19:33","2026-02-12 23:30:13","16","CONTRATO CERRADO / DESEMBOLSO","Digital","Fondos privados","false","3.384","SI","0.0189",,"2026"
"CONTRATO CERRADO / DESEMBOLSO","202602","P04747","150000.0","150000.0","153015.0","153015.0","3015.0","3015.0","48","PEN","2.45","Cuota Fija","Bajo","LIMA","SAN BORJA",,"129305.0",,"153015.0","153015.0",,"0.319828","0.319828","0.680172","2026-01-28 02:35:35","2026-02-26 21:25:19","29","CONTRATO CERRADO / DESEMBOLSO","Presencial","Fondos privados","true","3.384","SI","0.0201",,"2026"
"CONTRATO CERRADO / DESEMBOLSO","202602","P04741","600000.0","600000.0","604980.0","604980.0","4980.0","4980.0","60","PEN","2.41","Cuota Fija","Moderado","LIMA","VILLA MARIA DEL TRIUNFO",,"452398.0",,"604980.0","604980.0",,"0.361425","0.361425","0.638575","2026-01-30 16:25:53","2026-02-23 14:20:26","23","CONTRATO CERRADO / DESEMBOLSO","Digital","Fondos privados","false","3.346","SI","0.0083",,"2026"
"CONTRATO CERRADO / DESEMBOLSO","202602","P04724","61000.0","61000.0","75640.0","75640.0","14640.0","14640.0","36","PEN","2.09","Cuota Fija","Bajo Medio","LIMA","EL AGUSTINO","departamento","50022.0",,"75640.0","75640.0",,"0.408685","0.408685","0.591315","2026-01-30 23:29:53","2026-02-19 17:30:31","19","CONTRATO CERRADO / DESEMBOLSO","Digital","Inversionista P2P","false","3.346","SI","0.24",,"2026"
"CONTRATO CERRADO / DESEMBOLSO","202602","P04720","80000.0","80000.0","95600.0","95600.0","15600.0","15600.0","72","PEN","1.6","Cuota Fija","Moderado Medio","LIMA","CARABAYLLO","casa","99070.0",,"95600.0","95600.0",,"0.260804","0.260804","0.739196","2026-01-31 15:47:32","2026-02-17 13:59:02","16","CONTRATO CERRADO / DESEMBOLSO","Digital","Inversionista P2P","false","3.346","SI","0.195",,"2026"
"CONTRATO CERRADO / DESEMBOLSO","202602","P04746","329751.24000000005","329751.24000000005","333444.46","333444.46","3693.22","3693.22","72","PEN","2.09","Cuota Fija","Bajo","LIMA","MIRAFLORES",,"703623.0",,"333444.46","333444.46",,"0.12808","0.12808","0.87192","2026-02-03 22:20:39","2026-02-24 19:38:36","20","CONTRATO CERRADO / DESEMBOLSO","Digital","Fondos privados","true","3.346","SI","0.011200018535184278",,"2026"
"CONTRATO CERRADO / DESEMBOLSO","202602","P04755","40000.0","40000.0","42308.0","42308.0","2308.0","2308.0","24","PEN","3.73","Cuota Fija","Bajo Medio","SANTA","NUEVO CHIMBOTE","departamento","33774.0",,"42308.0","42308.0",,"0.338562","0.338562","0.661438","2026-02-06 15:37:31","2026-02-27 23:17:12","21","CONTRATO CERRADO / DESEMBOLSO","Digital","Fondos privados","false","3.346","SI","0.0577",,"2026"
"CONTRATO CERRADO / DESEMBOLSO","202603","P04856","45000.0","45000.0","57825.0","57825.0","12825.0","12825.0","72","PEN","1.6","Cuota Fija","Medio","CALLAO","CALLAO","casa","86359.0",,"57825.0","57825.0",,"0.18097","0.18097","0.81903","2026-02-06 20:22:40","2026-03-30 15:49:07","51","CONTRATO CERRADO / DESEMBOLSO","Digital","Inversionista P2P","false","3.346","SI","0.285",,"2026"
"CONTRATO CERRADO / DESEMBOLSO","202603","P04855","120000.0","120000.0","136200.0","136200.0","16200.0","16200.0","72","PEN","1.75","Cuota Fija","Moderado","LIMA","VILLA EL SALVADOR","casa","170160.0",,"136200.0","136200.0",,"0.216331","0.216331","0.783669","2026-02-10 14:17:14","2026-03-30 23:05:38","48","CONTRATO CERRADO / DESEMBOLSO","Digital","Inversionista P2P","false","3.346","SI","0.135",,"2026"
"CONTRATO CERRADO / DESEMBOLSO","202602","P04760","80000.0","80000.0","97600.0","97600.0","17600.0","17600.0","60","PEN","1.73","Cuota Fija","Medio","LIMA","INDEPENDENCIA","casa","188763.0",,"97600.0","97600.0",,"0.139743","0.139743","0.860257","2026-02-10 21:43:40","2026-02-26 21:58:43","16","CONTRATO CERRADO / DESEMBOLSO","Digital","Inversionista P2P","true","3.346","SI","0.22",,"2026"
"CONTRATO CERRADO / DESEMBOLSO","202602","P04765","52098.32","52098.32","64080.94","64080.94","11982.62","11982.62","72","PEN","1.44","Cuota Fija",,"LIMA","SAN MIGUEL",,"82202.0",,"64080.94","64080.94",,"0.210691","0.210691","0.789309","2026-02-12 21:37:06","2026-02-27 21:24:55","14","CONTRATO CERRADO / DESEMBOLSO","Digital","Inversionista P2P","true","3.346","SI","0.2300001228446522",,"2026"
"CONTRATO CERRADO / DESEMBOLSO","202603","P04773","69000.0","69000.0","84525.0","84525.0","15525.0","15525.0","72","PEN","1.58","Cuota Fija","Bajo Medio","LIMA","LURIGANCHO","departamento","55543.0",,"84525.0","84525.0",,"0.411296","0.411296","0.588704","2026-02-13 16:18:32","2026-03-03 21:15:45","18","CONTRATO CERRADO / DESEMBOLSO","Digital","Inversionista P2P","false","3.346","SI","0.225",,"2026"
"CONTRATO CERRADO / DESEMBOLSO","202603","P04865","45000.0","150570.0","45801.0","153250.146","801.0","2680.146","60","USD","3.0","Cuota Fija","Bajo Medio","LIMA","CERCADO",,"112054.0",,"45801.0","45801.0",,"0.40874","0.40874","0.59126","2026-02-14 06:30:22","2026-03-31 16:26:38","45","CONTRATO CERRADO / DESEMBOLSO","Presencial","Fondos privados","false","3.346","SI","0.0178",,"2026"
"CONTRATO CERRADO / DESEMBOLSO","202603","P04776","48000.0","48000.0","50347.2","50347.2","2347.2","2347.2","72","PEN","2.08","Cuota Fija","Bajo Medio","LIMA","SURQUILLO","departamento","30330.0",,"50347.2","50347.2",,"0.448643","0.448643","0.551357","2026-02-17 17:18:34","2026-03-04 14:31:06","14","CONTRATO CERRADO / DESEMBOLSO","Digital","Fondos privados","false","3.346","SI","0.0489",,"2026"
"CONTRATO CERRADO / DESEMBOLSO","202603","P04774","110000.0","110000.0","126500.0","126500.0","16500.0","16500.0","72","PEN","1.72","Cuota Fija","Moderado","LIMA","SAN MIGUEL","departamento","77964.0",,"126500.0","126500.0",,"0.438525","0.438525","0.561475","2026-02-18 20:40:10","2026-03-06 15:15:16","15","CONTRATO CERRADO / DESEMBOLSO","Digital","Inversionista P2P","false","3.346","SI","0.15",,"2026"
"CONTRATO CERRADO / DESEMBOLSO","202603","P04777","45000.0","45000.0","47331.0","47331.0","2331.0","2331.0","72","PEN","2.06","Cuota Fija","Moderado","LIMA","SAN BORJA","terreno","56873.0",,"47331.0","47331.0",,"0.224925","0.224925","0.775075","2026-02-18 23:35:33","2026-03-06 14:28:20","15","CONTRATO CERRADO / DESEMBOLSO","Digital","Fondos privados","false","3.346","SI","0.0518",,"2026"
"CONTRATO CERRADO / DESEMBOLSO","202603","P04778","52000.0","52000.0","65000.0","65000.0","13000.0","13000.0","60","PEN","1.48","Cuota Fija","Bajo Medio","LIMA","ATE",,"43386.0",,"65000.0","65000.0",,"0.404913","0.404913","0.5950869999999999","2026-02-18 22:56:43","2026-03-09 13:50:30","18","CONTRATO CERRADO / DESEMBOLSO","Digital","Inversionista P2P","false","3.346","SI","0.25",,"2026"
"CONTRATO CERRADO / DESEMBOLSO","202603","P04782","350000.0","350000.0","376250.0","376250.0","26250.0","26250.0","72","PEN","1.7","Cuota Fija","Bajo","LIMA","ATE",,"253695.0",,"376250.0","376250.0",,"0.400832","0.400832","0.5991679999999999","2026-02-19 20:18:37","2026-03-13 14:50:16","21","CONTRATO CERRADO / DESEMBOLSO","Digital","Inversionista P2P",,"3.346","SI","0.075",,"2026"
"CONTRATO CERRADO / DESEMBOLSO","202603","P04835","200000.0","200000.0","202160.0","202160.0","2160.0","2160.0","72","PEN","2.6","Cuota Fija","Bajo Medio","TRUJILLO","EL PORVENIR",,"164502.0",,"202160.0","202160.0",,"0.332141","0.332141","0.667859","2026-02-20 16:59:41","2026-03-24 00:57:39","31","CONTRATO CERRADO / DESEMBOLSO","Presencial","Fondos privados","false","3.346","SI","0.0108",,"2026"
"CONTRATO CERRADO / DESEMBOLSO","202603","P04833","40000.0","40000.0","42620.0","42620.0","2620.0","2620.0","60","PEN","3.2","Cuota Fija","Moderado Medio","PIURA","PIURA",,"46280.0",,"42620.0","42620.0",,"0.248896","0.248896","0.751104","2026-02-20 20:59:58","2026-03-25 22:51:18","33","CONTRATO CERRADO / DESEMBOLSO","Presencial","Fondos privados",,"3.346","SI","0.0655",,"2026"
"CONTRATO CERRADO / DESEMBOLSO","202603","P04873","60000.0","60000.0","62406.0","62406.0","2406.0","2406.0","84","PEN","2.85","Cuota Fija","Medio","SULLANA","SULLANA",,"93668.0",,"62406.0","62406.0",,"0.180067","0.180067","0.819933","2026-02-20 19:42:08","2026-03-31 14:02:24","38","CONTRATO CERRADO / DESEMBOLSO","Digital","Fondos privados","false","3.346","SI","0.0401",,"2026"
"CONTRATO CERRADO / DESEMBOLSO","202603","P04826","118000.0","118000.0","136290.0","136290.0","18290.0","18290.0","12","PEN","1.53","Credito Puente","Moderado","LIMA","SAN BARTOLO",,"122579.0",,"136290.0","136290.0",,"0.300501","0.300501","0.699499","2026-02-20 19:50:27","2026-03-26 19:16:43","33","CONTRATO CERRADO / DESEMBOLSO","Digital","Inversionista P2P","false","3.346","SI","0.155",,"2026"
"CONTRATO CERRADO / DESEMBOLSO","202603","P04786","70000.0","70000.0","86800.0","86800.0","16800.0","16800.0","72","PEN","1.7","Cuota Fija","Moderado Medio","LIMA","CHORRILLOS","casa","145214.0",,"86800.0","86800.0",,"0.161551","0.161551","0.838449","2026-02-20 19:45:59","2026-03-14 19:17:50","21","CONTRATO CERRADO / DESEMBOLSO","Digital","Inversionista P2P","false","3.346","SI","0.24",,"2026"
"CONTRATO CERRADO / DESEMBOLSO","202603","P04853","50000.0","50000.0","52355.0","52355.0","2355.0","2355.0","72","PEN","2.95","Cuota Fija","Moderado Medio","CHICLAYO","LA VICTORIA","casa","107490.0",,"52355.0","52355.0",,"0.13164","0.13164","0.86836","2026-02-20 20:36:53","2026-03-23 22:48:05","31","CONTRATO CERRADO / DESEMBOLSO","Digital","Fondos privados","true","3.346","SI","0.0471",,"2026"
"CONTRATO CERRADO / DESEMBOLSO","202603","P04817","75000.0","75000.0","77475.0","77475.0","2475.0","2475.0","60","PEN","2.9","Cuota Fija","Moderado Medio","TRUJILLO","EL PORVENIR",,"57942.0",,"77475.0","77475.0",,"0.361382","0.361382","0.638618","2026-02-23 19:45:22","2026-03-19 05:36:32","23","CONTRATO CERRADO / DESEMBOLSO","Presencial","Fondos privados","false","3.346","SI","0.033",,"2026"
"CONTRATO CERRADO / DESEMBOLSO","202603","P04864","150000.0","150000.0","154230.0","154230.0","4230.0","4230.0","24","PEN","1.7","Cuota Fija","Bajo Medio","LIMA","SAN MARTIN DE PORRES",,"276618.0",,"154230.0","154230.0",,"0.150691","0.150691","0.849309","2026-02-27 21:03:41","2026-03-30 22:50:51","31","CONTRATO CERRADO / DESEMBOLSO","Presencial","Fondos privados","false","3.317","SI","0.0282",,"2026"
"CONTRATO CERRADO / DESEMBOLSO","202603","P04805","15000.0","15000.0","20775.0","20775.0","5775.0","5775.0","36","PEN","1.29","Cuota Fija","Moderado Medio","LIMA","CERCADO","departamento","54899.0",,"20775.0","20775.0",,"0.102276","0.102276","0.897724","2026-02-27 20:55:47","2026-03-18 20:52:12","18","CONTRATO CERRADO / DESEMBOLSO","Digital","Inversionista P2P","true","3.317","SI","0.385",,"2026"
"CONTRATO CERRADO / DESEMBOLSO","202605","P04960","520000.0","520000.0","527800.0","527800.0","7800.0","7800.0","108","PEN","0.85","Cuota Fija","Bajo Medio","LIMA","PUEBLO LIBRE",,"374244.0",,"527800.0","527800.0",,"0.381165","0.381165","0.618835","2026-02-27 22:30:12","2026-05-05 20:40:46","66","CONTRATO CERRADO / DESEMBOLSO","Presencial","Fondos privados","false","1.0","SI","0.015",,"2026"
"CONTRATO CERRADO / DESEMBOLSO","202604","P04894","200000.0","200000.0","202160.0","202160.0","2160.0","2160.0","72","PEN","3.3","Cuota Fija","Medio","TRUJILLO","EL PORVENIR",,"391962.0",,"202160.0","202160.0",,"0.139396","0.139396","0.860604","2026-03-03 17:11:20","2026-04-13 22:22:17","41","CONTRATO CERRADO / DESEMBOLSO","Presencial","Fondos privados","false","3.317","SI","0.0108",,"2026"
"CONTRATO CERRADO / DESEMBOLSO","202603","P04834","250000.0","250000.0","253300.0","253300.0","3300.0","3300.0","72","PEN","2.23","Cuota Fija","Medio","LIMA","SANTIAGO DE SURCO","departamento","181230.0",,"253300.0","253300.0",,"0.377749","0.377749","0.622251","2026-03-03 15:35:56","2026-03-23 23:15:58","20","CONTRATO CERRADO / DESEMBOLSO","Digital","Fondos privados","false","3.317","SI","0.0132",,"2026"
"CONTRATO CERRADO / DESEMBOLSO","202604","P04884","50000.0","50000.0","63250.0","63250.0","13250.0","13250.0","48","PEN","1.55","Cuota Fija","Alto","CALLAO","LA PERLA",,"91160.0",,"63250.0","63250.0",,"0.187523","0.187523","0.812477","2026-03-03 22:28:55","2026-04-11 16:25:09","38","CONTRATO CERRADO / DESEMBOLSO","Digital","Inversionista P2P",,"3.317","SI","0.265",,"2026"
"CONTRATO CERRADO / DESEMBOLSO","202603","P04825","95000.0","95000.0","114000.0","114000.0","19000.0","19000.0","72","PEN","1.77","Cuota Fija","Moderado Medio","LIMA","SAN JUAN DE LURIGANCHO","casa","132868.0",,"114000.0","114000.0",,"0.23189","0.23189","0.76811","2026-03-03 18:10:13","2026-03-24 14:02:25","20","CONTRATO CERRADO / DESEMBOLSO","Digital","Inversionista P2P","false","3.317","SI","0.2",,"2026"
"CONTRATO CERRADO / DESEMBOLSO","202603","P04854","90000.0","90000.0","91854.0","91854.0","1854.0","1854.0","60","PEN","3.05","Cuota Fija","Moderado Medio","HUANCAYO","HUANCAYO","casa","185386.0",,"91854.0","91854.0",,"0.133912","0.133912","0.866088","2026-03-04 21:09:49","2026-03-23 15:50:17","18","CONTRATO CERRADO / DESEMBOLSO","Digital","Fondos privados","true","1.0","SI","0.0206",,"2026"
"CONTRATO CERRADO / DESEMBOLSO","202603","P04845","20000.0","20000.0","22208.0","22208.0","2208.0","2208.0","48","PEN","2.42","Cuota Fija","Moderado","LIMA","CARABAYLLO","terreno","50474.0",,"22208.0","22208.0",,"0.118916","0.118916","0.881084","2026-03-11 13:54:28","2026-03-26 22:46:11","15","CONTRATO CERRADO / DESEMBOLSO","Digital","Fondos privados","true","3.317","SI","0.1104",,"2026"
"CONTRATO CERRADO / DESEMBOLSO","202604","P04888","100000.0","100000.0","101680.0","101680.0","1680.0","1680.0","72","PEN","2.8","Cuota Fija","Moderado Medio","TRUJILLO","VICTOR LARCO HERRERA",,"110831.0",,"101680.0","101680.0",,"0.247955","0.247955","0.752045","2026-03-12 12:22:25","2026-04-10 22:46:07","29","CONTRATO CERRADO / DESEMBOLSO","Presencial","Fondos privados","false","3.317","SI","0.0168",,"2026"
"CONTRATO CERRADO / DESEMBOLSO","202604","P04877","60000.0","60000.0","72900.0","72900.0","12900.0","12900.0","72","PEN","1.42","Cuota Fija","Moderado","LIMA","MIRAFLORES","casa","131765.0",,"72900.0","72900.0",,"0.149529","0.149529","0.850471","2026-03-13 17:46:30","2026-04-07 20:06:17","25","CONTRATO CERRADO / DESEMBOLSO","Digital","Inversionista P2P","true","3.317","SI","0.215",,"2026"
"CONTRATO CERRADO / DESEMBOLSO","202604","P04895","50000.0","50000.0","51445.0","51445.0","1445.0","1445.0","48","PEN","3.43","Cuota Fija","Medio","TRUJILLO","LA ESPERANZA",,"116101.0",,"51445.0","51445.0",,"0.119758","0.119758","0.880242","2026-03-17 20:28:20","2026-04-13 22:22:11","27","CONTRATO CERRADO / DESEMBOLSO","Presencial","Fondos privados","false","3.317","SI","0.0289",,"2026"
"CONTRATO CERRADO / DESEMBOLSO","202604","P04911","35000.0","35000.0","36470.0","36470.0","1470.0","1470.0","72","PEN","2.85","Cuota Fija","Moderado Medio","SANTA ","NUEVO CHIMBOTE",,"45424.0",,"36470.0","36470.0",,"0.216995","0.216995","0.783005","2026-03-18 02:33:47","2026-04-17 22:22:13","30","CONTRATO CERRADO / DESEMBOLSO","Presencial","Fondos privados","false","3.317","SI","0.042",,"2026"
"CONTRATO CERRADO / DESEMBOLSO","202603","P04858","15000.0","15000.0","20775.0","20775.0","5775.0","5775.0","24","PEN","1.27","Cuota Fija","Moderado Medio","LIMA","CERCADO","casa","148467.0",,"20775.0","20775.0",,"0.037819","0.037819","0.962181","2026-03-18 19:06:09","2026-03-31 19:25:52","13","CONTRATO CERRADO / DESEMBOLSO","Digital","Inversionista P2P","true","3.317","SI","0.385",,"2026"
"CONTRATO CERRADO / DESEMBOLSO","202604","P04941","150000.0","150000.0","151920.0","151920.0","1920.0","1920.0","72","PEN","2.55","Cuota Fija","Moderado","TRUJILLO","TRUJILLO",,"210207.0",,"151920.0","151920.0",,"0.195329","0.195329","0.804671","2026-03-18 20:37:43","2026-04-28 14:35:54","40","CONTRATO CERRADO / DESEMBOLSO","Digital","Fondos privados","false","3.317","SI","0.0128",,"2026"
"CONTRATO CERRADO / DESEMBOLSO","202605","P05011","138000.0","138000.0","139863.0","139863.0","1863.0","1863.0","72","PEN","2.53","Cuota Fija","Bajo Medio","TRUJILLO","HUANCHACO",,"104602.0",,"139863.0","139863.0",,"0.361378","0.361378","0.638622","2026-03-21 00:18:43","2026-05-18 22:30:19","58","CONTRATO CERRADO / DESEMBOLSO","Presencial","Fondos privados","false","3.317","SI","0.0135",,"2026"
"CONTRATO CERRADO / DESEMBOLSO","202603","P04860","31239.43","31239.43","39674.08","39674.08","8434.65","8434.65","36","PEN","1.37","Cuota Fija","Moderado Medio","LIMA","MAGDALENA DEL MAR",,"64683.0",,"39674.08","39674.08",,"0.165774","0.165774","0.834226","2026-03-20 17:20:20","2026-03-31 22:53:02","11","CONTRATO CERRADO / DESEMBOLSO","Digital","Inversionista P2P","true","1.0","SI","0.27000012484222663",,"2026"
"CONTRATO CERRADO / DESEMBOLSO","202604","P04880","15000.0","15000.0","21075.0","21075.0","6075.0","6075.0","24","PEN","1.36","Cuota Fija","Moderado Medio","LIMA","SAN JUAN DE MIRAFLORES","casa","99525.0",,"21075.0","21075.0",,"0.057231","0.057231","0.942769","2026-03-23 22:07:47","2026-04-08 22:24:14","16","CONTRATO CERRADO / DESEMBOLSO","Digital","Inversionista P2P","true","3.317","SI","0.405",,"2026"
"CONTRATO CERRADO / DESEMBOLSO","202605","P05036","120000.0","120000.0","135600.0","135600.0","15600.0","15600.0","60","PEN","1.7","Cuota Fija","Moderado Medio","TRUJILLO","LA ESPERANZA",,"100416.0",,"135600.0","135600.0",,"0.364968","0.364968","0.635032","2026-03-27 14:14:46","2026-05-29 15:51:03","63","CONTRATO CERRADO / DESEMBOLSO","Presencial","Inversionista P2P","false","3.317","SI","0.13",,"2026"
"CONTRATO CERRADO / DESEMBOLSO","202604","P04917","20000.0","20000.0","26900.0","26900.0","6900.0","6900.0","36","PEN","1.33","Cuota Fija","Moderado Medio","LIMA","LA VICTORIA","departamento","53614.0",,"26900.0","26900.0",,"0.135604","0.135604","0.8643959999999999","2026-03-27 16:45:47","2026-04-23 18:07:29","27","CONTRATO CERRADO / DESEMBOLSO","Digital","Inversionista P2P","true","3.317","SI","0.345",,"2026"
"CONTRATO CERRADO / DESEMBOLSO","202604","P04922","100000.0","100000.0","115000.0","115000.0","15000.0","15000.0","60","PEN","1.61","Cuota Fija","Bajo Medio","LIMA","EL AGUSTINO",,"229578.0",,"115000.0","115000.0",,"0.135384","0.135384","0.864616","2026-03-30 16:15:29","2026-04-25 14:13:18","25","CONTRATO CERRADO / DESEMBOLSO","Presencial","Inversionista P2P","true","3.32","SI","0.15",,"2026"
"CONTRATO CERRADO / DESEMBOLSO","202604","P04950","64721.29","214874.68279999998","65705.06","218140.79919999998","983.77","3266.1164","108","USD","2.58","Cuota Fija","Moderado","PIURA","PIURA",,"148737.0",,"65705.06","65705.06",,"0.441753","0.441753","0.5582469999999999","2026-03-31 21:36:58","2026-04-29 22:59:36","29","CONTRATO CERRADO / DESEMBOLSO","Digital","Fondos privados","false","3.32","SI","0.015200098761937533",,"2026"
"CONTRATO CERRADO / DESEMBOLSO","202604","P04946","99257.19","99257.19","101847.81","101847.81","2590.62","2590.62","72","PEN","1.86","Cuota Fija","Moderado","LIMA","SANTIAGO DE SURCO",,"63474.0",,"101847.81","101847.81",,"0.433665","0.433665","0.566335","2026-04-01 19:10:17","2026-04-28 22:40:54","27","CONTRATO CERRADO / DESEMBOLSO","Digital","Fondos privados","false","3.32","SI","0.02610007395937765",,"2026"
"CONTRATO CERRADO / DESEMBOLSO","202604","P04916","65000.0","65000.0","78650.0","78650.0","13650.0","13650.0","72","PEN","1.42","Cuota Fija","Bajo","LIMA","JESUS MARIA","departamento","100157.0",,"78650.0","78650.0",,"0.212234","0.212234","0.787766","2026-04-01 22:03:08","2026-04-22 15:39:49","20","CONTRATO CERRADO / DESEMBOLSO","Digital","Inversionista P2P","true","3.32","SI","0.21",,"2026"
"CONTRATO CERRADO / DESEMBOLSO","202604","P04928","60000.0","60000.0","61494.0","61494.0","1494.0","1494.0","72","PEN","3.03","Cuota Fija","Medio","TRUJILLO","TRUJILLO","departamento","49126.0",,"61494.0","61494.0",,"0.338314","0.338314","0.661686","2026-03-31 18:06:40","2026-04-24 14:24:00","23","CONTRATO CERRADO / DESEMBOLSO","Digital","Fondos privados","false","3.32","SI","0.0249",,"2026"
"CONTRATO CERRADO / DESEMBOLSO","202605","P04988","90000.0","90000.0","91737.0","91737.0","1737.0","1737.0","72","PEN","2.9","Cuota Fija","Bajo Medio","SANTA","NUEVO CHIMBOTE",,"78145.0",,"91737.0","91737.0",,"0.317279","0.317279","0.682721","2026-04-06 21:34:37","2026-05-15 14:03:41","38","CONTRATO CERRADO / DESEMBOLSO","Presencial","Fondos privados","false","3.32","SI","0.0193",,"2026"
"CONTRATO CERRADO / DESEMBOLSO","202605","P04992","80000.0","80000.0","96400.0","96400.0","16400.0","16400.0","72","PEN","2.32","Cuota Fija","Moderado Medio","AREQUIPA","JOSE LUIS BUSTAMANTE Y RIVERO","casa","227723.0",,"96400.0","96400.0",,"0.114411","0.114411","0.885589","2026-04-08 21:33:51","2026-05-18 20:21:21","39","CONTRATO CERRADO / DESEMBOLSO","Digital","Inversionista P2P","true","3.32","SI","0.205",,"2026"
"CONTRATO CERRADO / DESEMBOLSO","202606","P05055","80000.0","80000.0","96800.0","96800.0","16800.0","16800.0","60","PEN","2.03","Cuota Fija","Bajo Medio","TRUJILLO","TRUJILLO",,"112204.0",,"96800.0","96800.0",,"0.233166","0.233166","0.766834","2026-04-13 01:39:30","2026-06-01 21:55:13","49","CONTRATO CERRADO / DESEMBOLSO","Presencial","Inversionista P2P","false","3.32","SI","0.21",,"2026"
"CONTRATO CERRADO / DESEMBOLSO","202605","P04955","51000.0","51000.0","64770.0","64770.0","13770.0","13770.0","72","PEN","1.6","Cuota Fija","Alto","LIMA","MAGDALENA DEL MAR","departamento","71015.0",,"64770.0","64770.0",,"0.246503","0.246503","0.753497","2026-04-10 22:24:45","2026-05-07 21:52:55","26","CONTRATO CERRADO / DESEMBOLSO","Digital","Inversionista P2P","true","3.32","SI","0.27",,"2026"
"CONTRATO CERRADO / DESEMBOLSO","202605","P05048","160000.0","160000.0","162880.0","162880.0","2880.0","2880.0","96","PEN","2.24","Cuota Fija","Moderado","CHINCHA","EL CARMEN","departamento","102576.0",,"162880.0","162880.0",,"0.429161","0.429161","0.570839","2026-04-10 16:09:02","2026-05-26 14:13:20","45","CONTRATO CERRADO / DESEMBOLSO","Digital","Fondos privados","false","3.32","SI","0.018",,"2026"
"CONTRATO CERRADO / DESEMBOLSO","202604","P04938","50000.0","50000.0","64750.0","64750.0","14750.0","14750.0","60","PEN","2.09","Cuota Fija","Medio","CHICLAYO","CHICLAYO",,"51777.0",,"64750.0","64750.0",,"0.337988","0.337988","0.662012","2026-04-13 19:16:54","2026-04-30 23:08:55","17","CONTRATO CERRADO / DESEMBOLSO","Presencial","Inversionista P2P","false","3.32","SI","0.295",,"2026"
"CONTRATO CERRADO / DESEMBOLSO","202605","P04962","40000.0","40000.0","42308.0","42308.0","2308.0","2308.0","24","PEN","2.55","Cuota Fija","Moderado","CHICLAYO","JOSE LEONARDO ORTIZ",,"83647.0",,"42308.0","42308.0",,"0.136701","0.136701","0.863299","2026-04-14 01:02:03","2026-05-06 22:50:26","22","CONTRATO CERRADO / DESEMBOLSO","Presencial","Fondos privados","true","3.32","SI","0.0577",,"2026"
"CONTRATO CERRADO / DESEMBOLSO","202605","P04982","55000.0","55000.0","58762.0","58762.0","3762.0","3762.0","72","PEN","2.3","Cuota Fija","Moderado","PIURA","PIURA",,"60218.0",,"58762.0","58762.0",,"0.263735","0.263735","0.736265","2026-04-14 02:28:47","2026-05-13 21:48:26","29","CONTRATO CERRADO / DESEMBOLSO","Presencial","Fondos privados","false","3.32","SI","0.0684",,"2026"
"CONTRATO CERRADO / DESEMBOLSO","202606","P05127","350000.0","350000.0","378000.0","378000.0","28000.0","28000.0","24","PEN","1.38","Amortizacion libre","Moderado","LIMA","SANTIAGO DE SURCO","departamento","200106.0",,"378000.0","378000.0",,"0.51054","0.51054","0.48946","2026-04-14 20:28:55","2026-06-22 18:01:49","68","CONTRATO CERRADO / DESEMBOLSO","Digital","Inversionista P2P","false","3.32","SI","0.08",,"2026"
"CONTRATO CERRADO / DESEMBOLSO","202606","P05065","30000.0","30000.0","42000.0","42000.0","12000.0","12000.0","60","PEN","2.0","Cuota Fija","Moderado","TRUJILLO","SALAVERRY",,"49990.0",,"42000.0","42000.0",,"0.227072","0.227072","0.7729280000000001","2026-04-15 03:06:18","2026-06-04 14:16:09","50","CONTRATO CERRADO / DESEMBOLSO","Presencial","Inversionista P2P","false","3.32","SI","0.4",,"2026"
"CONTRATO CERRADO / DESEMBOLSO","202604","P04951","48600.0","48600.0","51836.76","51836.76","3236.76","3236.76","24","PEN","1.8","Cuota Fija","Moderado","CHICLAYO","MONSEFU",,,,"51836.76","51836.76",,,,"1.0","2026-04-15 18:11:43","2026-04-30 22:53:05","15","CONTRATO CERRADO / DESEMBOLSO","Presencial","Fondos privados","false","3.32","SI","0.0666",,"2026"
"CONTRATO CERRADO / DESEMBOLSO","202605","P04986","150000.0","150000.0","152040.0","152040.0","2040.0","2040.0","24","PEN","2.98","Amortizacion libre","Moderado","CHICLAYO","CHICLAYO","edificio","101872.0",,"152040.0","152040.0",,"0.403368","0.403368","0.596632","2026-04-15 20:20:12","2026-05-15 23:00:06","30","CONTRATO CERRADO / DESEMBOLSO","Digital","Fondos privados","false","3.32","SI","0.0136",,"2026"
"CONTRATO CERRADO / DESEMBOLSO","202605","P05051","200000.0","200000.0","203080.0","203080.0","3080.0","3080.0","60","PEN","2.31","Cuota Fija","Bajo Medio","LIMA","LA VICTORIA",,"175716.0",,"203080.0","203080.0",,"0.312359","0.312359","0.687641","2026-04-17 15:24:07","2026-05-29 22:59:21","42","CONTRATO CERRADO / DESEMBOLSO","Digital","Fondos privados","false","3.343","SI","0.0154",,"2026"
"CONTRATO CERRADO / DESEMBOLSO","202606","P05084","30000.0","30000.0","38100.0","38100.0","8100.0","8100.0","36","PEN","1.19","Cuota Fija","Moderado","LIMA","LOS OLIVOS","departamento","76332.0",,"38100.0","38100.0",,"0.134901","0.134901","0.8650990000000001","2026-04-17 20:01:35","2026-06-08 16:04:33","51","CONTRATO CERRADO / DESEMBOLSO","Digital","Inversionista P2P","true","3.32","SI","0.27",,"2026"
"CONTRATO CERRADO / DESEMBOLSO","202605","P04964","23000.0","76360.0","23696.9","78673.708","696.9","2313.7079999999996","72","USD","1.95","Cuota Fija","Bajo Medio","LIMA","MIRAFLORES",,"68720.0",,"23696.9","23696.9",,"0.344833","0.344833","0.655167","2026-04-21 21:15:44","2026-05-07 22:35:48","16","CONTRATO CERRADO / DESEMBOLSO","Digital","Fondos privados","true","3.32","SI","0.0303",,"2026"
"CONTRATO CERRADO / DESEMBOLSO","202605","P04994","20000.0","20000.0","26100.0","26100.0","6100.0","6100.0","60","PEN","2.0","Cuota Fija","Moderado Medio","TRUJILLO","VICTOR LARCO HERRERA","casa","33735.0",,"26100.0","26100.0",,"0.209102","0.209102","0.790898","2026-04-22 18:07:47","2026-05-18 15:56:35","25","CONTRATO CERRADO / DESEMBOLSO","Digital","Inversionista P2P","false","3.32","SI","0.305",,"2026"
"CONTRATO CERRADO / DESEMBOLSO","202605","P05026","50000.0","50000.0","62750.0","62750.0","12750.0","12750.0","36","PEN","1.52","Cuota Fija","Moderado Medio","AREQUIPA","CAYMA","casa","123822.0",,"62750.0","62750.0",,"0.136966","0.136966","0.863034","2026-04-23 14:30:26","2026-05-25 21:46:59","32","CONTRATO CERRADO / DESEMBOLSO","Digital","Inversionista P2P","true","3.343","SI","0.255",,"2026"
"CONTRATO CERRADO / DESEMBOLSO","202605","P05047","40000.0","40000.0","42496.0","42496.0","2496.0","2496.0","60","PEN","2.16","Cuota Fija","Bajo Medio","LIMA","LINCE",,"134429.0",,"42496.0","42496.0",,"0.085438","0.085438","0.914562","2026-04-27 19:14:00","2026-05-26 16:27:43","28","CONTRATO CERRADO / DESEMBOLSO","Digital","Fondos privados","true","3.32","SI","0.0624",,"2026"
"CONTRATO CERRADO / DESEMBOLSO","202606","P05059","50000.0","50000.0","62750.0","62750.0","12750.0","12750.0","72","PEN","2.2","Cuota Fija","Moderado Medio","TRUJILLO","TRUJILLO","casa","144815.0",,"62750.0","62750.0",,"0.117111","0.117111","0.882889","2026-04-24 21:58:30","2026-06-02 17:38:38","38","CONTRATO CERRADO / DESEMBOLSO","Digital","Inversionista P2P","true","3.32","SI","0.255",,"2026"
"CONTRATO CERRADO / DESEMBOLSO","202605","P04987","69399.56","69399.56","71849.37","71849.37","2449.81","2449.81","72","PEN","2.17","Cuota Fija","Medio","CALLAO","CALLAO",,"50802.0",,"71849.37","71849.37",,"0.382244","0.382244","0.617756","2026-04-27 15:26:44","2026-05-15 22:40:28","18","CONTRATO CERRADO / DESEMBOLSO","Digital","Fondos privados","false","3.32","SI","0.03530007971232094",,"2026"
"CONTRATO CERRADO / DESEMBOLSO","202605","P05030","160982.40999999997","160982.40999999997","180300.3","180300.3","19317.89","19317.89","72","PEN","1.49","Cuota Fija","Moderado","LIMA","SAN MIGUEL",,"314286.0",,"180300.3","180300.3",,"0.155049","0.155049","0.844951","2026-04-29 18:52:20","2026-05-27 22:57:06","28","CONTRATO CERRADO / DESEMBOLSO","Digital","Inversionista P2P","true","1.0","SI","0.12000000496948705",,"2026"
"CONTRATO CERRADO / DESEMBOLSO","202605","P05009","450000.0","450000.0","454275.0","454275.0","4275.0","4275.0","120","PEN","1.18","Cuota Fija","Bajo Medio","LIMA","LA MOLINA",,"538031.0",,"454275.0","454275.0",,"0.228197","0.228197","0.771803","2026-04-30 21:11:34","2026-05-18 22:59:27","18","CONTRATO CERRADO / DESEMBOLSO","Presencial","Fondos privados","false","1.0","SI","0.0095",,"2026"
"CONTRATO CERRADO / DESEMBOLSO","202605","P04985","200000.0","200000.0","203080.0","203080.0","3080.0","3080.0","72","PEN","2.01","Cuota Fija","Bajo Medio","LIMA","SAN ISIDRO","departamento","272639.0",,"203080.0","203080.0",,"0.201316","0.201316","0.798684","2026-04-29 22:01:23","2026-05-15 23:01:42","16","CONTRATO CERRADO / DESEMBOLSO","Digital","Fondos privados","true","3.343","SI","0.0154",,"2026"
"CONTRATO CERRADO / DESEMBOLSO","202605","P05027","27500.0","27500.0","35475.0","35475.0","7975.0","7975.0","48","PEN","1.8","Cuota Fija","Moderado","TRUJILLO","LAREDO","casa","23340.0",,"35475.0","35475.0",,"0.41079","0.41079","0.58921","2026-04-30 23:06:17","2026-05-25 21:48:18","24","CONTRATO CERRADO / DESEMBOLSO","Digital","Inversionista P2P","false","3.343","SI","0.29",,"2026"
"CONTRATO CERRADO / DESEMBOLSO","202607","P05165","50000.0","50000.0","67000.0","67000.0","17000.0","17000.0","60","PEN","1.47","Cuota Fija","Moderado Medio","LIMA","VILLA EL SALVADOR",,"117433.0",,"67000.0","67000.0",,"0.154199","0.154199","0.845801","2026-05-02 20:04:33","2026-07-09 23:14:09","68","CONTRATO CERRADO / DESEMBOLSO","Presencial","Inversionista P2P","true","3.351","SI","0.34",,"2026"
"CONTRATO CERRADO / DESEMBOLSO","202605","P05034","35000.0","35000.0","44800.0","44800.0","9800.0","9800.0","12","PEN","1.7","Credito Puente","Moderado","LIMA","PUNTA NEGRA","terreno","72117.0",,"44800.0","44800.0",,"0.167895","0.167895","0.832105","2026-05-04 17:57:18","2026-05-28 22:12:16","24","CONTRATO CERRADO / DESEMBOLSO","Digital","Inversionista P2P","false","3.343","SI","0.28",,"2026"
"CONTRATO CERRADO / DESEMBOLSO","202605","P04997","140000.0","140000.0","159600.0","159600.0","19600.0","19600.0","72","PEN","1.5","Cuota Fija","Medio","LIMA","SANTIAGO DE SURCO",,"94594.0",,"159600.0","159600.0",,"0.456003","0.456003","0.5439970000000001","2026-05-05 20:35:55","2026-05-20 20:55:26","15","CONTRATO CERRADO / DESEMBOLSO","Digital","Inversionista P2P","false","3.343","SI","0.14",,"2026"
"CONTRATO CERRADO / DESEMBOLSO","202605","P05002","50000.0","50000.0","63750.0","63750.0","13750.0","13750.0","72","PEN","1.47","Cuota Fija","Moderado","LIMA","SAN BORJA","departamento","89350.0","298697.05","63750.0","63750.0",,"0.192834","0.192834","0.807166","2026-05-04 22:19:51","2026-05-22 17:49:27","17","CONTRATO CERRADO / DESEMBOLSO","Digital","Inversionista P2P","true","3.343","SI","0.275",,"2026"
"CONTRATO CERRADO / DESEMBOLSO","202605","P04996","50000.0","50000.0","63250.0","63250.0","13250.0","13250.0","72","PEN","1.5","Cuota Fija","Moderado","LIMA","SAN MARTIN DE PORRES","casa","135229.0",,"63250.0","63250.0",,"0.126412","0.126412","0.873588","2026-05-06 21:06:10","2026-05-20 20:49:54","13","CONTRATO CERRADO / DESEMBOLSO","Digital","Inversionista P2P","true","3.343","SI","0.265",,"2026"
"CONTRATO CERRADO / DESEMBOLSO","202605","P05045","200000.0","200000.0","203080.0","203080.0","3080.0","3080.0","24","PEN","1.6","Cuota Fija","Moderado","LIMA","SAN JUAN DE LURIGANCHO",,"222809.0",,"203080.0","203080.0",,"0.246339","0.246339","0.753661","2026-05-07 20:39:53","2026-05-25 22:41:04","18","CONTRATO CERRADO / DESEMBOLSO","Presencial","Fondos privados","false","3.343","SI","0.0154",,"2026"
"CONTRATO CERRADO / DESEMBOLSO","202607","P05183","80000.0","80000.0","97600.0","97600.0","17600.0","17600.0","72","PEN","1.69","Cuota Fija","Moderado Medio","LIMA","CERCADO",,"81699.0",,"97600.0","97600.0",,"0.322873","0.322873","0.677127","2026-05-11 22:01:44","2026-07-13 16:00:33","62","CONTRATO CERRADO / DESEMBOLSO","Presencial","Inversionista P2P","false","3.343","SI","0.22",,"2026"
"CONTRATO CERRADO / DESEMBOLSO","202606","P05120","70000.0","70000.0","72450.0","72450.0","2450.0","2450.0","72","PEN","2.8","Cuota Fija","Moderado","LIMA","ATE",,"149214.0",,"72450.0","72450.0",,"0.131228","0.131228","0.868772","2026-05-12 16:31:02","2026-06-17 22:50:50","36","CONTRATO CERRADO / DESEMBOLSO","Presencial","Fondos privados","true","3.343","SI","0.035",,"2026"
"CONTRATO CERRADO / DESEMBOLSO","202606","P05057","40000.0","40000.0","49800.0","49800.0","9800.0","9800.0","72","PEN","1.8","Cuota Fija","Moderado Medio","TRUJILLO","LA ESPERANZA","casa","62156.0",,"49800.0","49800.0",,"0.216543","0.216543","0.783457","2026-05-12 21:53:57","2026-06-02 14:23:15","20","CONTRATO CERRADO / DESEMBOLSO","Digital","Inversionista P2P","false","3.343","SI","0.245",,"2026"
"CONTRATO CERRADO / DESEMBOLSO","202605","P05041","210100.0","210100.0","233100.0","233100.0","23000.0","23000.0","72","PEN","1.9","Cuota Fija",,"LIMA","SAN JUAN DE LURIGANCHO","departamento","196756.0",,"233100.0","233100.0",,"0.320194","0.320194","0.679806","2026-05-11 20:52:10","2026-05-31 02:13:47","19","CONTRATO CERRADO / DESEMBOLSO","Digital","Inversionista P2P","false","3.343","SI","0.10947168015230842",,"2026"
"CONTRATO CERRADO / DESEMBOLSO","202605","P05032","120000.0","120000.0","137400.0","137400.0","17400.0","17400.0","72","PEN","1.75","Cuota Fija","Bajo Medio","LIMA","PUEBLO LIBRE","departamento","119321.0",,"137400.0","137400.0",,"0.311221","0.311221","0.688779","2026-05-11 19:12:40","2026-05-27 23:17:18","16","CONTRATO CERRADO / DESEMBOLSO","Digital","Inversionista P2P","true","3.343","SI","0.145",,"2026"
"CONTRATO CERRADO / DESEMBOLSO","202606","P05064","65000.0","65000.0","82875.0","82875.0","17875.0","17875.0","72","PEN","1.62","Cuota Fija","Medio","LIMA","LURIGANCHO","casa","215478.0",,"82875.0","82875.0",,"0.103949","0.103949","0.896051","2026-05-13 16:23:59","2026-06-04 15:03:02","21","CONTRATO CERRADO / DESEMBOLSO","Digital","Inversionista P2P","true","3.343","SI","0.275",,"2026"
"CONTRATO CERRADO / DESEMBOLSO","202606","P05099","90000.0","90000.0","104400.0","104400.0","14400.0","14400.0","72","PEN","1.8","Cuota Fija","Bajo Medio","CHICLAYO","LA VICTORIA","departamento","71663.0",,"104400.0","104400.0",,"0.393735","0.393735","0.606265","2026-05-13 20:01:26","2026-06-16 21:41:41","34","CONTRATO CERRADO / DESEMBOLSO","Digital","Inversionista P2P","false","3.343","SI","0.16",,"2026"
"CONTRATO CERRADO / DESEMBOLSO","202606","P05070","70000.0","70000.0","86800.0","86800.0","16800.0","16800.0","48","PEN","2.28","Cuota Fija","Alto","TRUJILLO","TRUJILLO","casa","104696.0",,"86800.0","86800.0",,"0.224072","0.224072","0.775928","2026-05-13 20:12:45","2026-06-06 15:24:14","23","CONTRATO CERRADO / DESEMBOLSO","Digital","Inversionista P2P","true","3.343","SI","0.24",,"2026"
"CONTRATO CERRADO / DESEMBOLSO","202606","P05085","85000.0","85000.0","101575.0","101575.0","16575.0","16575.0","48","PEN","1.83","Cuota Fija","Medio","TRUJILLO","TRUJILLO",,"109722.0",,"101575.0","101575.0",,"0.250202","0.250202","0.749798","2026-05-14 00:34:56","2026-06-09 21:39:36","26","CONTRATO CERRADO / DESEMBOLSO","Presencial","Inversionista P2P","false","3.343","SI","0.195",,"2026"
"CONTRATO CERRADO / DESEMBOLSO","202607","P05152","35000.0","35000.0","45850.0","45850.0","10850.0","10850.0","60","PEN","1.41","Cuota Fija","Moderado","LIMA","VILLA EL SALVADOR","departamento","40803.0","136404.429","45850.0","45850.0",,"0.303701","0.303701","0.696299","2026-05-15 02:00:37","2026-07-04 14:19:44","50","CONTRATO CERRADO / DESEMBOLSO","Digital","Inversionista P2P","false","3.343","SI","0.31",,"2026"
"CONTRATO CERRADO / DESEMBOLSO","202606","P05094","60000.0","60000.0","76200.0","76200.0","16200.0","16200.0","48","PEN","1.64","Cuota Fija","Alto","LIMA","CALLAO","casa","90277.0",,"76200.0","76200.0",,"0.228127","0.228127","0.771873","2026-05-15 23:45:11","2026-06-13 14:19:38","28","CONTRATO CERRADO / DESEMBOLSO","Digital","Inversionista P2P","false","3.343","SI","0.27",,"2026"
"CONTRATO CERRADO / DESEMBOLSO","202606","P05082","385000.0","385000.0","391468.0","391468.0","6468.0","6468.0","12","PEN","1.69","Cuota Fija","Moderado","LIMA","SANTIAGO DE SURCO",,,,"391468.0","391468.0",,,,"1.0","2026-05-18 17:30:05","2026-06-12 23:28:04","25","CONTRATO CERRADO / DESEMBOLSO","Presencial","Fondos privados","false","1.0","SI","0.0168",,"2026"
"CONTRATO CERRADO / DESEMBOLSO","202606","P05068","60000.0","60000.0","77100.0","77100.0","17100.0","17100.0","72","PEN","1.59","Cuota Fija","Medio","LIMA","SAN MARTIN DE PORRES","terreno","95037.0",,"77100.0","77100.0",,"0.21926","0.21926","0.78074","2026-05-18 18:36:20","2026-06-05 22:45:27","18","CONTRATO CERRADO / DESEMBOLSO","Digital","Inversionista P2P","false","3.343","SI","0.285",,"2026"
"CONTRATO CERRADO / DESEMBOLSO","202606","P05118","100000.0","100000.0","103750.0","103750.0","3750.0","3750.0","96","PEN","1.95","Cuota Fija","Medio","LIMA","CERCADO",,"131886.0",,"103750.0","103750.0",,"0.212612","0.212612","0.787388","2026-05-19 17:19:25","2026-06-17 22:57:09","29","CONTRATO CERRADO / DESEMBOLSO","Presencial","Fondos privados","false","3.351","SI","0.0375",,"2026"
"CONTRATO CERRADO / DESEMBOLSO","202607","P05214","80000.0","80000.0","98400.0","98400.0","18400.0","18400.0","48","PEN","1.85","Cuota Fija","Moderado Medio","TRUJILLO","FLORENCIA DE MORA",,"92724.0",,"98400.0","98400.0",,"0.286815","0.286815","0.713185","2026-05-20 03:09:48","2026-07-24 20:31:56","65","CONTRATO CERRADO / DESEMBOLSO","Presencial","Inversionista P2P","false","3.351","SI","0.23",,"2026"
"CONTRATO CERRADO / DESEMBOLSO","202606","P05069","20000.0","20000.0","26700.0","26700.0","6700.0","6700.0","36","PEN","1.83","Cuota Fija","Moderado Medio","TRUJILLO","TRUJILLO","casa","80147.0",,"26700.0","26700.0",,"0.090037","0.090037","0.909963","2026-05-20 16:55:14","2026-06-05 15:11:25","15","CONTRATO CERRADO / DESEMBOLSO","Digital","Inversionista P2P","false","3.343","SI","0.335",,"2026"
"CONTRATO CERRADO / DESEMBOLSO","202607","P05153","30000.0","30000.0","40500.0","40500.0","10500.0","10500.0","48","PEN","1.39","Cuota Fija","Medio","LIMA","ATE",,"201136.0",,"40500.0","40500.0",,"0.054421","0.054421","0.945579","2026-05-20 18:28:41","2026-07-04 14:20:12","44","CONTRATO CERRADO / DESEMBOLSO","Digital","Inversionista P2P","true","3.351","SI","0.35",,"2026"
"CONTRATO CERRADO / DESEMBOLSO","202606","P05080","50000.0","50000.0","52360.0","52360.0","2360.0","2360.0","36","PEN","2.79","Cuota Fija","Medio","LIMA","SANTA ANITA",,"128553.0",,"52360.0","52360.0",,"0.110082","0.110082","0.889918","2026-05-21 19:25:56","2026-06-10 21:55:42","20","CONTRATO CERRADO / DESEMBOLSO","Digital","Fondos privados","true","3.343","SI","0.0472",,"2026"
"CONTRATO CERRADO / DESEMBOLSO","202606","P05137","40000.0","40000.0","53600.0","53600.0","13600.0","13600.0","60","PEN","2.03","Cuota Fija","Moderado Medio","LAMBAYEQUE","MOCHUMI","casa","67151.0",,"53600.0","53600.0",,"0.21573","0.21573","0.78427","2026-05-25 18:27:54","2026-06-24 17:22:39","29","CONTRATO CERRADO / DESEMBOLSO","Digital","Inversionista P2P","false","3.343","SI","0.34",,"2026"
"CONTRATO CERRADO / DESEMBOLSO","202606","P05090","100000.0","100000.0","119000.0","119000.0","19000.0","19000.0","72","PEN","1.51","Cuota Fija","Bajo Medio","LIMA","VILLA MARIA DEL TRIUNFO","casa","236177.0",,"119000.0","119000.0",,"0.136178","0.136178","0.863822","2026-05-25 17:40:15","2026-06-11 19:20:04","17","CONTRATO CERRADO / DESEMBOLSO","Digital","Inversionista P2P","true","3.343","SI","0.19",,"2026"
"CONTRATO CERRADO / DESEMBOLSO","202606","P05075 ","94348.69","94348.69","96924.41","96924.41","2575.72","2575.72","72","PEN","2.52","Cuota Fija","Bajo Medio","LIMA","SAN JUAN DE LURIGANCHO",,"66495.0",,"96924.41","96924.41",,"0.393951","0.393951","0.6060490000000001","2026-05-25 21:23:57","2026-06-06 00:07:02","11","CONTRATO CERRADO / DESEMBOLSO","Digital","Fondos privados","false","3.343","SI","0.02730000808702272",,"2026"
"CONTRATO CERRADO / DESEMBOLSO","202606","P05103","20000.0","20000.0","27200.0","27200.0","7200.0","7200.0","36","PEN","1.25","Cuota Fija","Moderado Medio","LIMA","LOS OLIVOS","casa","151966.0",,"27200.0","27200.0",,"0.048375","0.048375","0.9516249999999999","2026-06-02 21:09:06","2026-06-17 15:28:45","14","CONTRATO CERRADO / DESEMBOLSO","Digital","Inversionista P2P","true","3.351","SI","0.36",,"2026"
"CONTRATO CERRADO / DESEMBOLSO","202606","P05115","40000.0","40000.0","54400.0","54400.0","14400.0","14400.0","72","PEN","1.29","Cuota Fija","Bajo","LIMA","LA VICTORIA",,"304400.0",,"54400.0","54400.0",,"0.048301","0.048301","0.951699","2026-06-03 22:02:19","2026-06-20 15:54:36","16","CONTRATO CERRADO / DESEMBOLSO","Digital","Inversionista P2P","true","3.351","SI","0.36",,"2026"
"CONTRATO CERRADO / DESEMBOLSO","202606","P05141","440000.0","440000.0","444400.0","444400.0","4400.0","4400.0","84","PEN","1.75","Cuota Fija","Moderado","LIMA","SAN BORJA",,"225627.0",,"444400.0","444400.0",,"0.53233","0.53233","0.46767000000000003","2026-06-04 17:47:11","2026-06-25 22:23:17","21","CONTRATO CERRADO / DESEMBOLSO","Digital","Fondos privados","false","3.351","SI","0.01",,"2026"
"CONTRATO CERRADO / DESEMBOLSO","202606","P05121","32625.969999999998","32625.969999999998","34903.27","34903.27","2277.3","2277.3","72","PEN","2.23","Cuota Fija","Moderado","LIMA","CHORRILLOS",,"63639.0",,"34903.27","34903.27",,"0.148232","0.148232","0.851768","2026-06-04 19:52:35","2026-06-19 14:53:49","14","CONTRATO CERRADO / DESEMBOLSO","Digital","Fondos privados","true","3.351","SI","0.06980022356423426",,"2026"
"CONTRATO CERRADO / DESEMBOLSO","202606","P05140","50000.0","50000.0","52360.0","52360.0","2360.0","2360.0","36","PEN","2.35","Cuota Fija","Bajo Medio","LIMA","SAN MIGUEL","departamento","82133.0",,"52360.0","52360.0",,"0.172298","0.172298","0.8277019999999999","2026-06-05 15:08:50","2026-06-23 21:38:36","18","CONTRATO CERRADO / DESEMBOLSO","Digital","Fondos privados","true","3.351","SI","0.0472",,"2026"
"CONTRATO CERRADO / DESEMBOLSO","202607","P05181","170000.0","170000.0","192950.0","192950.0","22950.0","22950.0","72","PEN","1.9","Cuota Fija","Moderado Medio","TRUJILLO","EL PORVENIR",,"143871.0",,"192950.0","192950.0",,"0.362468","0.362468","0.637532","2026-06-05 13:31:30","2026-07-13 15:14:40","38","CONTRATO CERRADO / DESEMBOLSO","Presencial","Inversionista P2P","false","3.351","SI","0.135",,"2026"
"CONTRATO CERRADO / DESEMBOLSO","202606","P05111","86000.0","86000.0","104490.0","104490.0","18490.0","18490.0","72","PEN","1.2","Cuota Fija","Bajo","LIMA","SURQUILLO",,"86649.0",,"104490.0","104490.0",,"0.325919","0.325919","0.6740809999999999","2026-06-05 15:11:33","2026-06-19 14:33:48","13","CONTRATO CERRADO / DESEMBOLSO","Digital","Inversionista P2P","true","3.351","SI","0.215",,"2026"
"CONTRATO CERRADO / DESEMBOLSO","202607","P05148","99000.0","99000.0","117810.0","117810.0","18810.0","18810.0","48","PEN","1.8","Cuota Fija","Moderado","TRUJILLO","TRUJILLO",,"138317.0",,"117810.0","117810.0",,"0.2302","0.2302","0.7698","2026-06-08 14:37:42","2026-07-02 20:45:15","24","CONTRATO CERRADO / DESEMBOLSO","Presencial","Inversionista P2P","false","3.351","SI","0.19",,"2026"
"CONTRATO CERRADO / DESEMBOLSO","202607","P05168","72000.0","72000.0","88920.0","88920.0","16920.0","16920.0","72","PEN","1.39","Cuota Fija","Moderado","CALLAO","CALLAO","casa","67927.0",,"88920.0","88920.0",,"0.353798","0.353798","0.6462019999999999","2026-06-08 20:51:20","2026-07-11 14:21:03","32","CONTRATO CERRADO / DESEMBOLSO","Digital","Inversionista P2P","false","3.351","SI","0.235",,"2026"
"CONTRATO CERRADO / DESEMBOLSO","202607","P05178","100000.0","100000.0","122000.0","122000.0","22000.0","22000.0","72","PEN","1.5","Cuota Fija","Moderado Medio","LIMA","SAN JUAN DE LURIGANCHO","casa","104136.0",,"122000.0","122000.0",,"0.316634","0.316634","0.6833659999999999","2026-06-08 21:54:21","2026-07-13 19:50:31","34","CONTRATO CERRADO / DESEMBOLSO","Digital","Inversionista P2P","false","3.351","SI","0.22",,"2026"
"CONTRATO CERRADO / DESEMBOLSO","202606","P05129","247559.12","247559.12","276028.42","276028.42","28469.3","28469.3","72","PEN","1.5","Cuota Fija","Moderado","LIMA","LA MOLINA",,"245190.0",,"276028.42","276028.42",,"0.304263","0.304263","0.695737","2026-06-09 14:52:40","2026-06-25 00:04:16","15","CONTRATO CERRADO / DESEMBOLSO","Digital","Inversionista P2P","false","3.351","SI","0.11500000484732698",,"2026"
"CONTRATO CERRADO / DESEMBOLSO","202607","P05157","50000.0","50000.0","65250.0","65250.0","15250.0","15250.0","72","PEN","1.38","Cuota Fija","Bajo Medio","LIMA","SAN MARTIN DE PORRES","departamento","40956.0",,"65250.0","65250.0",,"0.430587","0.430587","0.569413","2026-06-10 22:18:04","2026-07-07 20:08:19","26","CONTRATO CERRADO / DESEMBOLSO","Digital","Inversionista P2P","false","3.351","SI","0.305",,"2026"
"CONTRATO CERRADO / DESEMBOLSO","202606"," P05125","90000.0","90000.0","109350.0","109350.0","19350.0","19350.0","72","PEN","1.57","Cuota Fija","Moderado Medio","LIMA","JESUS MARIA","departamento","112050.0",,"109350.0","109350.0",,"0.263758","0.263758","0.7362420000000001","2026-06-11 20:07:05","2026-06-26 21:04:33","15","CONTRATO CERRADO / DESEMBOLSO","Digital","Inversionista P2P","false","3.351","SI","0.215",,"2026"
"CONTRATO CERRADO / DESEMBOLSO","202607","P05174","20000.0","20000.0","28300.0","28300.0","8300.0","8300.0","72","PEN","2.01","Cuota Fija","Medio","PIURA","CASTILLA",,"42878.0",,"28300.0","28300.0",,"0.178382","0.178382","0.821618","2026-06-12 15:17:56","2026-07-06 23:24:18","24","CONTRATO CERRADO / DESEMBOLSO","Digital","Inversionista P2P","false","3.351","SI","0.415",,"2026"
"CONTRATO CERRADO / DESEMBOLSO","202607","P05182","65000.0","65000.0","78000.0","78000.0","13000.0","13000.0","84","PEN","1.3","Cuota Fija","Moderado","LIMA","MIRAFLORES",,"188350.0",,"78000.0","78000.0",,"0.111925","0.111925","0.888075","2026-06-18 22:32:46","2026-07-13 22:36:24","25","CONTRATO CERRADO / DESEMBOLSO","Presencial","Inversionista P2P","true","3.351","SI","0.2",,"2026"
"CONTRATO CERRADO / DESEMBOLSO","202607","P05205","70000.0","70000.0","84000.0","84000.0","14000.0","14000.0","72","PEN","1.43","Cuota Fija","Moderado","LIMA","SAN MARTIN DE PORRES","casa","74025.0",,"84000.0","84000.0",,"0.30669","0.30669","0.69331","2026-06-19 20:10:25","2026-07-21 22:00:53","32","CONTRATO CERRADO / DESEMBOLSO","Digital","Inversionista P2P","false","3.351","SI","0.2",,"2026"
"CONTRATO CERRADO / DESEMBOLSO","202607","P05216","100000.0","100000.0","118000.0","118000.0","18000.0","18000.0","72","PEN","2.24","Cuota Fija",,"AREQUIPA","AREQUIPA","casa","252928.0",,"118000.0","118000.0",,"0.126091","0.126091","0.873909","2026-06-22 16:44:04","2026-07-24 21:37:12","32","CONTRATO CERRADO / DESEMBOLSO","Digital","Inversionista P2P","true","3.351","SI","0.18",,"2026"
"CONTRATO CERRADO / DESEMBOLSO","202607","P05225","21000.0","21000.0","23223.9","23223.9","2223.9","2223.9","12","PEN","2.36","Solo intereses","Medio","LIMA","CHORRILLOS",,"276669.0",,"23223.9","23223.9",,"0.022687","0.022687","0.977313","2026-06-23 16:46:14","2026-07-22 15:53:45","28","CONTRATO CERRADO / DESEMBOLSO","Digital","Fondos privados","true","3.359","SI","0.10590000000000001",,"2026"
"CONTRATO CERRADO / DESEMBOLSO","202607","P05208","20000.0","20000.0","27300.0","27300.0","7300.0","7300.0","48","PEN","1.92","Cuota Fija","Medio","SANTA","CHIMBOTE","casa","48883.0",,"27300.0","27300.0",,"0.150939","0.150939","0.8490610000000001","2026-06-23 14:57:30","2026-07-22 20:15:39","29","CONTRATO CERRADO / DESEMBOLSO","Digital","Inversionista P2P","true","3.351","SI","0.365",,"2026"
"CONTRATO CERRADO / DESEMBOLSO","202607","P05177","33000.0","33000.0","42405.0","42405.0","9405.0","9405.0","48","PEN","1.43","Cuota Fija","Medio","LIMA","SAN JUAN DE LURIGANCHO",,"76715.0",,"42405.0","42405.0",,"0.149395","0.149395","0.850605","2026-06-23 16:28:40","2026-07-13 22:11:41","20","CONTRATO CERRADO / DESEMBOLSO","Digital","Inversionista P2P","true","3.351","SI","0.285",,"2026"
"CONTRATO CERRADO / DESEMBOLSO","202607","P05201","132418.94","132418.94","135173.26","135173.26","2754.32","2754.32","72","PEN","2.27","Cuota Fija","Moderado Medio","LIMA","LURIGANCHO",,"113265.0",,"135173.26","135173.26",,"0.322547","0.322547","0.6774530000000001","2026-06-23 16:43:05","2026-07-17 22:53:53","24","CONTRATO CERRADO / DESEMBOLSO","Digital","Fondos privados","false","3.359","SI","0.02080004567322469",,"2026"
"CONTRATO CERRADO / DESEMBOLSO","202607","P05191","30000.0","30000.0","39900.0","39900.0","9900.0","9900.0","48","PEN","1.38","Cuota Fija","Moderado Medio","LIMA","SAN JUAN DE LURIGANCHO","casa","110491.0",,"39900.0","39900.0",,"0.097599","0.097599","0.902401","2026-06-25 23:09:42","2026-07-16 15:10:24","20","CONTRATO CERRADO / DESEMBOLSO","Digital","Inversionista P2P","true","3.351","SI","0.33",,"2026"
"CONTRATO CERRADO / DESEMBOLSO","202607","P05228","500000.0","500000.0","504500.0","504500.0","4500.0","4500.0","120","PEN","0.9","Cuota Fija","Bajo","LIMA","LA MOLINA",,"218445.0",,"504500.0","504500.0",,"0.624191","0.624191","0.37580899999999995","2026-07-03 22:14:15","2026-07-24 21:58:24","20","CONTRATO CERRADO / DESEMBOLSO","Presencial","Fondos privados","false","3.359","SI","0.009",,"2026"
"CONTRATO CERRADO / DESEMBOLSO","202607","P05220","100000.0","100000.0","102600.0","102600.0","2600.0","2600.0","72","PEN","1.98","Cuota Fija","Bajo Medio","LIMA","SANTIAGO DE SURCO",,"96727.0",,"102600.0","102600.0",,"0.28668","0.28668","0.71332","2026-07-03 16:29:12","2026-07-20 14:39:08","16","CONTRATO CERRADO / DESEMBOLSO","Digital","Fondos privados","true","3.359","SI","0.026",,"2026"
"CONTRATO CERRADO / DESEMBOLSO","202607","P05222	","280000.0","280000.0","283556.0","283556.0","3556.0","3556.0","72","PEN","1.85","Cuota Fija","Bajo","LIMA","SAN BORJA","departamento","161213.0",,"283556.0","283556.0",,"0.475376","0.475376","0.524624","2026-07-03 19:48:16","2026-07-20 14:38:53","16","CONTRATO CERRADO / DESEMBOLSO","Digital","Fondos privados","false","3.359","SI","0.0127",,"2026"
"CONTRATO CERRADO / DESEMBOLSO","202601","P04633","350000.0","350000.0","367500.0","367500.0","17500.0","17500.0","120","PEN","1.5","Cuota Fija","Bajo Medio","LIMA","SANTIAGO DE SURCO",,"358713.0",,"367500.0","367500.0",,"0.276891","0.276891","0.723109","2025-03-21 14:56:04","2026-01-22 22:40:18","307","CONTRATO CERRADO / DESEMBOLSO","Presencial","Inversionista P2P","false","3.457","SI","0.05",,"2026"
"CONTRATO CERRADO / DESEMBOLSO","202604","P04919","300000.0","300000.0","319500.0","319500.0","19500.0","19500.0","12","PEN","1.15","Credito Puente","Bajo Medio","LIMA","SANTIAGO DE SURCO",,"279647.0",,"319500.0","319500.0",,"0.308787","0.308787","0.6912130000000001","2025-08-15 18:17:04","2026-04-23 20:44:20","251","CONTRATO CERRADO / DESEMBOLSO","Digital","Inversionista P2P","false","3.562","SI","0.065",,"2026"
"CONTRATO CERRADO / DESEMBOLSO","202601","P04630","20000.0","20000.0","26900.0","26900.0","6900.0","6900.0","24","PEN","1.34","Cuota Fija","Moderado","CALLAO","CALLAO","departamento","37890.0",,"26900.0","26900.0",,"0.191878","0.191878","0.808122","2025-09-30 14:50:01","2026-01-22 22:14:27","114","CONTRATO CERRADO / DESEMBOLSO","Digital","Inversionista P2P","true","3.506","SI","0.345",,"2026"
"CONTRATO CERRADO / DESEMBOLSO","202602","P04704","310000.0","310000.0","341000.0","341000.0","31000.0","31000.0","72","PEN","1.55","Cuota Fija","Medio","LIMA","SANTIAGO DE SURCO",,"217127.0",,"341000.0","341000.0",,"0.424462","0.424462","0.575538","2025-10-10 02:37:20","2026-02-12 14:45:38","125","CONTRATO CERRADO / DESEMBOLSO","Digital","Inversionista P2P","false","3.414","SI","0.1",,"2026"
"CONTRATO CERRADO / DESEMBOLSO","202607","P05204","200000.0","200000.0","216400.0","216400.0","16400.0","16400.0","24","PEN","1.85","Solo intereses","Medio","SAN MARTIN","MORALES",,"141286.0",,"216400.0","216400.0",,"0.413958","0.413958","0.586042","2025-10-10 20:24:14","2026-07-20 14:46:17","282","CONTRATO CERRADO / DESEMBOLSO","Presencial","Inversionista P2P","false","3.317","SI","0.082",,"2026"
"CONTRATO CERRADO / DESEMBOLSO","202601","P04640","25000.0","25000.0","27240.0","27240.0","2240.0","2240.0","48","PEN","3.2","Cuota Fija","Medio","SANTA","CHIMBOTE",,"48357.0",,"27240.0","27240.0",,"0.152246","0.152246","0.847754","2025-10-15 17:27:12","2026-01-22 22:41:21","99","CONTRATO CERRADO / DESEMBOLSO","Presencial","Fondos privados","true","3.457","SI","0.0896",,"2026"
"CONTRATO CERRADO / DESEMBOLSO","202601","P04607","40000.0","40000.0","52000.0","52000.0","12000.0","12000.0","72","PEN","1.6","Cuota Fija","Alto","LIMA","CARABAYLLO","terreno","84638.0",,"52000.0","52000.0",,"0.166049","0.166049","0.833951","2025-10-28 23:42:59","2026-01-14 23:08:35","77","CONTRATO CERRADO / DESEMBOLSO","Digital","Inversionista P2P","false","3.506","SI","0.3",,"2026"
"CONTRATO CERRADO / DESEMBOLSO","202601","P04617","150000.0","150000.0","152835.0","152835.0","2835.0","2835.0","72","PEN","2.23","Cuota Fija","Bajo Medio","LIMA","LA MOLINA","terreno","271037.0",,"152835.0","152835.0",,"0.152403","0.152403","0.8475969999999999","2025-10-31 22:51:35","2026-01-13 20:24:46","73","CONTRATO CERRADO / DESEMBOLSO","Digital","Fondos privados","true","3.414","SI","0.0189",,"2026"
"CONTRATO CERRADO / DESEMBOLSO","202601","P04622","170000.0","170000.0","172924.0","172924.0","2924.0","2924.0","60","PEN","2.48","Cuota Fija","Moderado","LIMA","SAN MARTIN DE PORRES",,"129805.0",,"172924.0","172924.0",,"0.360049","0.360049","0.6399509999999999","2025-11-06 00:05:40","2026-01-14 13:22:36","69","CONTRATO CERRADO / DESEMBOLSO","Presencial","Fondos privados","false","3.414","SI","0.0172",,"2026"
"CONTRATO CERRADO / DESEMBOLSO","202604","P04898","378000.0","378000.0","385472.0","385472.0","7472.0","7472.0","120","PEN","1.25","Cuota Fija","Moderado","AREQUIPA","CAYMA",,"266317.0",,"385472.0","385472.0",,"0.391194","0.391194","0.608806","2025-11-17 20:41:58","2026-04-15 19:37:16","148","CONTRATO CERRADO / DESEMBOLSO","Presencial","Fondos privados","false","3.346","SI","0.019767195767195767",,"2026"
"CONTRATO CERRADO / DESEMBOLSO","202601","P04639","100000.0","100000.0","102600.0","102600.0","2600.0","2600.0","72","PEN","1.53","Cuota Fija","Moderado","LIMA","MIRAFLORES","departamento","317022.0",,"102600.0","102600.0",,"0.087469","0.087469","0.912531","2025-11-24 15:16:45","2026-01-22 22:45:01","59","CONTRATO CERRADO / DESEMBOLSO","Digital","Fondos privados","true","3.457","SI","0.026",,"2026"
"CONTRATO CERRADO / DESEMBOLSO","202606","P05139","290000.0","290000.0","291972.0","291972.0","1972.0","1972.0","60","USD","1.5","Cuota Fija","Moderado","LIMA","LURIGANCHO",,"711789.0",,"291972.0","291972.0",,"0.410195","0.410195","0.589805","2025-11-27 14:36:56","2026-06-27 00:55:59","211","CONTRATO CERRADO / DESEMBOLSO","Presencial","Fondos privados","false","1.0","SI","0.0068",,"2026"
"CONTRATO CERRADO / DESEMBOLSO","202601","P04677","331023.41000000003","331023.41000000003","334730.88","334730.88","3707.47","3707.47","72","PEN","2.16","Cuota Fija","Bajo Medio","LIMA","SAN JUAN DE LURIGANCHO",,"235530.0",,"334730.88","334730.88",,"0.384103","0.384103","0.6158969999999999","2025-12-03 20:55:49","2026-01-30 22:36:47","58","CONTRATO CERRADO / DESEMBOLSO","Digital","Fondos privados","false","3.414","SI","0.011200023587455641",,"2026"
"CONTRATO CERRADO / DESEMBOLSO","202601","P04586","70000.0","70000.0","85400.0","85400.0","15400.0","15400.0","48","PEN","2.16","Cuota Fija","Alto","SANTA","CHIMBOTE",,"183355.0",,"85400.0","85400.0",,"0.125882","0.125882","0.874118","2025-12-03 21:10:30","2026-01-06 13:24:50","33","CONTRATO CERRADO / DESEMBOLSO","Presencial","Inversionista P2P","true","3.414","SI","0.22",,"2026"
"CONTRATO CERRADO / DESEMBOLSO","202601","P04592","180000.0","180000.0","194400.0","194400.0","14400.0","14400.0","48","PEN","1.4","Cuota Fija","Moderado","LIMA","SURCO","departamento","487218.0",,"194400.0","194400.0",,"0.107838","0.107838","0.892162","2025-12-12 21:49:11","2026-01-08 22:36:50","27","CONTRATO CERRADO / DESEMBOLSO","Digital","Inversionista P2P","true","3.414","SI","0.08",,"2026"
"CONTRATO CERRADO / DESEMBOLSO","202601","P04608","30000.0","30000.0","38550.0","38550.0","8550.0","8550.0","60","PEN","2.09","Cuota Fija","Medio","TRUJILLO","VICTOR LARCO HERRERA","casa","59552.0",,"38550.0","38550.0",,"0.174955","0.174955","0.825045","2025-12-16 21:52:38","2026-01-14 21:36:54","28","CONTRATO CERRADO / DESEMBOLSO","Digital","Inversionista P2P","false","3.414","SI","0.285",,"2026"
"CONTRATO CERRADO / DESEMBOLSO","202601","P04627","400000.0","400000.0","418000.0","418000.0","18000.0","18000.0","72","PEN","1.59","Cuota Fija","Bajo Medio","LIMA","SAN MIGUEL","casa","416484.0",,"418000.0","418000.0",,"0.271254","0.271254","0.728746","2025-12-17 19:52:17","2026-01-20 20:02:51","34","CONTRATO CERRADO / DESEMBOLSO","Digital","Inversionista P2P","false","3.414","SI","0.045",,"2026"
"CONTRATO CERRADO / DESEMBOLSO","202602","P04715","55000.0","55000.0","57376.0","57376.0","2376.0","2376.0","60","PEN","3.0","Cuota Fija","Alto","CAÑETE","CAÑETE",,"108171.0",,"57376.0","57376.0",,"0.143356","0.143356","0.856644","2025-12-23 22:41:09","2026-02-13 23:17:36","52","CONTRATO CERRADO / DESEMBOLSO","Presencial","Fondos privados",,"3.384","SI","0.0432",,"2026"
"CONTRATO CERRADO / DESEMBOLSO","202601","P04611","78000.0","78000.0","95160.0","95160.0","17160.0","17160.0","72","PEN","1.71","Cuota Fija","Moderado Medio","LIMA","SAN JUAN DE MIRAFLORES","casa","111159.0",,"95160.0","95160.0",,"0.231371","0.231371","0.768629","2025-12-22 16:22:20","2026-01-15 23:28:36","24","CONTRATO CERRADO / DESEMBOLSO","Digital","Inversionista P2P","false","3.414","SI","0.22",,"2026"
"CONTRATO CERRADO / DESEMBOLSO","202602","P04753","150000.0","150000.0","152025.0","152025.0","2025.0","2025.0","72","PEN","2.9","Cuota Fija","Moderado Medio","SANTA","CHIMBOTE",,"156291.0",,"152025.0","152025.0",,"0.262893","0.262893","0.737107","2025-12-24 15:07:35","2026-02-25 22:22:35","63","CONTRATO CERRADO / DESEMBOLSO","Presencial","Fondos privados","false","3.414","SI","0.0135",,"2026"
"CONTRATO CERRADO / DESEMBOLSO","202601","P04635","70000.0","70000.0","83300.0","83300.0","13300.0","13300.0","72","PEN","1.38","Cuota Fija","Medio","LIMA","JESUS MARIA","departamento","73358.0","248243.472","83300.0","83300.0",,"0.306899","0.306899","0.693101","2025-12-26 16:20:31","2026-01-24 19:45:59","29","CONTRATO CERRADO / DESEMBOLSO","Digital","Inversionista P2P","false","3.384","SI","0.19",,"2026"
"CONTRATO CERRADO / DESEMBOLSO","202601","P04659","60000.0","60000.0","77100.0","77100.0","17100.0","17100.0","48","PEN","1.65","Cuota Fija","Moderado Medio","LIMA","SAN MARTIN DE PORRES","casa","117174.0",,"77100.0","77100.0",,"0.177837","0.177837","0.822163","2025-12-30 16:33:11","2026-01-30 22:55:27","31","CONTRATO CERRADO / DESEMBOLSO","Digital","Inversionista P2P","false","3.384","SI","0.285",,"2026"
"CONTRATO CERRADO / DESEMBOLSO","202602","P04695","65000.0","65000.0","66514.5","66514.5","1514.5","1514.5","48","PEN","3.22","Cuota Fija","Moderado Medio","TRUJILLO","TRUJILLO",,"60580.0",,"66514.5","66514.5",,"0.296746","0.296746","0.703254","2025-12-30 13:56:05","2026-02-06 21:25:43","38","CONTRATO CERRADO / DESEMBOLSO","Presencial","Fondos privados","false","3.384","SI","0.0233",,"2026"
"CONTRATO CERRADO / DESEMBOLSO","202605","P04984","150000.0","150000.0","152025.0","152025.0","2025.0","2025.0","72","PEN","2.8","Cuota Fija","Medio","SANTA","NUEVO CHIMBOTE",,"266287.0",,"152025.0","152025.0",,"0.154299","0.154299","0.845701","2026-01-05 00:26:36","2026-05-15 23:20:50","130","CONTRATO CERRADO / DESEMBOLSO","Presencial","Fondos privados","false","3.384","SI","0.0135",,"2026"
"CONTRATO CERRADO / DESEMBOLSO","202601","P04625","50000.0","50000.0","52355.0","52355.0","2355.0","2355.0","72","PEN","2.7","Cuota Fija","Moderado Medio","LIMA","SANTIAGO DE SURCO","departamento","91165.0",,"52355.0","52355.0",,"0.155213","0.155213","0.844787","2025-12-31 16:45:31","2026-01-16 22:25:17","16","CONTRATO CERRADO / DESEMBOLSO","Digital","Fondos privados","true","3.384","SI","0.0471",,"2026"
"CONTRATO CERRADO / DESEMBOLSO","202601","P04628","30000.0","30000.0","39150.0","39150.0","9150.0","9150.0","36","PEN","1.41","Cuota Fija","Moderado Medio","LIMA","SAN JUAN DE LURIGANCHO","departamento","54821.0",,"39150.0","39150.0",,"0.193011","0.193011","0.806989","2025-12-31 17:47:34","2026-01-20 23:20:18","20","CONTRATO CERRADO / DESEMBOLSO","Digital","Inversionista P2P","false","3.384","SI","0.305",,"2026"
"CONTRATO CERRADO / DESEMBOLSO","202601","P04637","203000.0","203000.0","206085.6","206085.6","3085.6","3085.6","72","PEN","1.8","Cuota Fija","Bajo Medio","LIMA","SURQUILLO","departamento","120936.0",,"206085.6","206085.6",,"0.460564","0.460564","0.539436","2026-01-06 19:10:47","2026-01-20 22:22:39","14","CONTRATO CERRADO / DESEMBOLSO","Digital","Fondos privados","false","3.384","SI","0.0152",,"2026"
"CONTRATO CERRADO / DESEMBOLSO","202602","P04688","30000.0","30000.0","38850.0","38850.0","8850.0","8850.0","24","PEN","1.33","Cuota Fija","Moderado","LIMA","CERCADO DE LIMA","casa","275330.0",,"38850.0","38850.0",,"0.038136","0.038136","0.961864","2026-01-06 17:00:23","2026-02-05 20:54:25","30","CONTRATO CERRADO / DESEMBOLSO","Digital","Inversionista P2P","true","3.384","SI","0.295",,"2026"
"CONTRATO CERRADO / DESEMBOLSO","202602","P04734","160000.0","160000.0","161968.0","161968.0","1968.0","1968.0","60","PEN","2.9","Cuota Fija","Moderado","TRUJILLO","MOCHE",,"143472.0",,"161968.0","161968.0",,"0.305113","0.305113","0.694887","2026-01-07 00:49:54","2026-02-16 23:33:19","40","CONTRATO CERRADO / DESEMBOLSO","Presencial","Fondos privados","false","3.384","SI","0.0123",,"2026"
"CONTRATO CERRADO / DESEMBOLSO","202605","P04957","120000.0","120000.0","139800.0","139800.0","19800.0","19800.0","72","PEN","2.0","Cuota Fija","Alto","TRUJILLO","LA ESPERANZA","casa","147549.0",,"139800.0","139800.0",,"0.256076","0.256076","0.743924","2026-01-08 19:19:24","2026-05-08 14:43:00","119","CONTRATO CERRADO / DESEMBOLSO","Digital","Inversionista P2P","false","3.384","SI","0.165",,"2026"
"CONTRATO CERRADO / DESEMBOLSO","202602","P04745","294487.11000000004","294487.11000000004","300141.27","300141.27","5654.16","5654.16","72","PEN","2.11","Cuota Fija","Moderado Medio","LIMA","SAN JUAN DE LURIGANCHO",,"229218.0",,"300141.27","300141.27",,"0.353896","0.353896","0.646104","2026-01-08 15:31:43","2026-02-28 13:57:31","50","CONTRATO CERRADO / DESEMBOLSO","Digital","Fondos privados","false","3.384","SI","0.019200025427258936",,"2026"
"CONTRATO CERRADO / DESEMBOLSO","202602","P04711","200000.0","200000.0","202280.0","202280.0","2280.0","2280.0","60","PEN","2.91","Cuota Fija","Moderado","PACASMAYO","GUADALUPE",,"184035.0",,"202280.0","202280.0",,"0.297065","0.297065","0.702935","2026-01-13 03:35:41","2026-02-12 23:13:15","30","CONTRATO CERRADO / DESEMBOLSO","Presencial","Fondos privados","false","3.384","SI","0.0114",,"2026"
"CONTRATO CERRADO / DESEMBOLSO","202601","P04679","125000.0","125000.0","127712.5","127712.5","2712.5","2712.5","72","PEN","2.02","Cuota Fija","Moderado Medio","LIMA","MAGDALENA DEL MAR","departamento","77740.0",,"127712.5","127712.5",,"0.444004","0.444004","0.5559959999999999","2026-01-16 16:44:36","2026-01-30 23:31:27","14","CONTRATO CERRADO / DESEMBOLSO","Digital","Fondos privados","false","3.384","SI","0.0217",,"2026"
"CONTRATO CERRADO / DESEMBOLSO","202601","P04676","232951.09","232951.09","236165.82","236165.82","3214.73","3214.73","72","PEN","2.24","Cuota Fija","Moderado","LIMA","SANTIAGO DE SURCO",,"216546.0",,"236165.82","236165.82",,"0.294758","0.294758","0.7052419999999999","2026-01-15 15:38:34","2026-01-29 23:28:50","14","CONTRATO CERRADO / DESEMBOLSO","Digital","Fondos privados","false","3.384","SI","0.013800021283437653",,"2026"
"CONTRATO CERRADO / DESEMBOLSO","202601","P04648","87740.53","87740.53","103972.53","103972.53","16232.0","16232.0","36","PEN","1.56","Cuota Fija","Bajo Medio","LIMA","ATE",,"285654.0",,"103972.53","103972.53",,"0.098373","0.098373","0.901627","2026-01-14 22:02:21","2026-01-27 21:15:52","12","CONTRATO CERRADO / DESEMBOLSO","Digital","Inversionista P2P","true","3.384","SI","0.1850000222246207",,"2026"
"CONTRATO CERRADO / DESEMBOLSO","202603","P04870","40000.0","40000.0","41392.0","41392.0","1392.0","1392.0","48","PEN","3.56","Cuota Fija","Alto","TRUJILLO","TRUJILLO",,"81112.0",,"41392.0","41392.0",,"0.137921","0.137921","0.862079","2026-01-22 14:28:40","2026-03-31 21:53:00","68","CONTRATO CERRADO / DESEMBOLSO","Presencial","Fondos privados","false","3.384","SI","0.0348",,"2026"
"CONTRATO CERRADO / DESEMBOLSO","202602","P04759","28823.239999999998","97537.84416","33723.2","114119.30879999998","4899.96","16581.46464","12","USD","1.75","Cuota Fija","Moderado Medio","LIMA","SAN BORJA",,"147230.0",,"33723.2","33723.2",,"0.229051","0.229051","0.770949","2026-01-20 21:25:58","2026-02-25 14:26:19","35","CONTRATO CERRADO / DESEMBOLSO","Digital","Inversionista P2P","true","3.384","SI","0.17000031918687838",,"2026"
"CONTRATO CERRADO / DESEMBOLSO","202603","P04813","78648.8","78648.8","81141.97","81141.97","2493.17","2493.17","36","PEN","2.2","Cuota Fija","Medio","LIMA","SANTIAGO DE SURCO",,"169818.0",,"81141.97","81141.97",,"0.12914","0.12914","0.87086","2026-01-23 19:03:58","2026-03-16 22:48:18","52","CONTRATO CERRADO / DESEMBOLSO","Digital","Fondos privados","true","3.384","SI","0.031700038652846575",,"2026"
"CONTRATO CERRADO / DESEMBOLSO","202602","P04706","15000.0","15000.0","20850.0","20850.0","5850.0","5850.0","24","PEN","1.26","Cuota Fija","Moderado","LIMA","SAN JUAN DE MIRAFLORES","casa","32012.0",,"20850.0","20850.0",,"0.176032","0.176032","0.823968","2026-01-27 23:16:43","2026-02-14 14:15:35","17","CONTRATO CERRADO / DESEMBOLSO","Digital","Inversionista P2P","true","3.384","SI","0.39",,"2026"
"CONTRATO CERRADO / DESEMBOLSO","202602","P04723","15000.0","15000.0","20850.0","20850.0","5850.0","5850.0","48","PEN","1.33","Cuota Fija","Moderado Medio","LIMA","VILLA EL SALVADOR","casa","88013.0",,"20850.0","20850.0",,"0.064026","0.064026","0.935974","2026-01-29 18:06:09","2026-02-18 23:08:23","20","CONTRATO CERRADO / DESEMBOLSO","Digital","Inversionista P2P","true","3.346","SI","0.39",,"2026"
"CONTRATO CERRADO / DESEMBOLSO","202602","P04722","50000.0","50000.0","63750.0","63750.0","13750.0","13750.0","36","PEN","1.54","Cuota Fija","Medio","LIMA","INDEPENDENCIA","casa","263445.0",,"63750.0","63750.0",,"0.065402","0.065402","0.934598","2026-01-29 21:04:21","2026-02-18 23:07:17","20","CONTRATO CERRADO / DESEMBOLSO","Digital","Inversionista P2P","true","3.346","SI","0.275",,"2026"
"CONTRATO CERRADO / DESEMBOLSO","202602","P04719","75738.74","75738.74","90507.8","90507.8","14769.06","14769.06","48","PEN","1.37","Cuota Fija","Bajo","LIMA","CHORRILLOS",,"79515.0",,"90507.8","90507.8",,"0.307635","0.307635","0.692365","2026-01-30 19:08:07","2026-02-17 14:48:23","17","CONTRATO CERRADO / DESEMBOLSO","Digital","Inversionista P2P","false","3.384","SI","0.1950000752587117",,"2026"
"CONTRATO CERRADO / DESEMBOLSO","202603","P04838","270000.0","270000.0","272592.0","272592.0","2592.0","2592.0","60","PEN","2.8","Cuota Fija","Moderado Medio","SANTA","NUEVO CHIMBOTE",,"414534.0",,"272592.0","272592.0",,"0.177726","0.177726","0.822274","2026-02-02 13:11:14","2026-03-25 00:42:27","50","CONTRATO CERRADO / DESEMBOLSO","Presencial","Fondos privados","false","3.346","SI","0.0096",,"2026"
"CONTRATO CERRADO / DESEMBOLSO","202602","P04731","24124.59","24124.59","31603.22","31603.22","7478.63","7478.63","72","PEN","1.64","Cuota Fija","Moderado","LIMA","CERCADO",,"43530.0",,"31603.22","31603.22",,"0.196219","0.196219","0.803781","2026-02-04 14:59:46","2026-02-20 14:04:49","15","CONTRATO CERRADO / DESEMBOLSO","Digital","Inversionista P2P","false","3.346","SI","0.3100002943055198",,"2026"
"CONTRATO CERRADO / DESEMBOLSO","202602","P04764","60000.0","60000.0","74700.0","74700.0","14700.0","14700.0","72","PEN","1.6","Cuota Fija","Moderado","CALLAO","VENTANILLA",,"79573.0",,"74700.0","74700.0",,"0.253719","0.253719","0.746281","2026-02-04 14:12:10","2026-02-26 19:48:48","22","CONTRATO CERRADO / DESEMBOLSO","Digital","Inversionista P2P","true","3.346","SI","0.245",,"2026"
"CONTRATO CERRADO / DESEMBOLSO","202603","P04872","170000.0","170000.0","172108.0","172108.0","2108.0","2108.0","48","PEN","3.19","Cuota Fija","Medio","SANTA","NUEVO CHIMBOTE",,"291679.0",,"172108.0","172108.0",,"0.159476","0.159476","0.840524","2026-02-09 20:15:31","2026-03-31 23:04:28","50","CONTRATO CERRADO / DESEMBOLSO","Presencial","Fondos privados","false","3.346","SI","0.0124",,"2026"
"CONTRATO CERRADO / DESEMBOLSO","202602","P04768","45000.0","45000.0","56475.0","56475.0","11475.0","11475.0","60","PEN","1.43","Cuota Fija","Moderado","LIMA","SANTIAGO DE SURCO","casa","67370.0",,"56475.0","56475.0",,"0.226562","0.226562","0.773438","2026-02-10 22:30:22","2026-02-28 14:10:55","17","CONTRATO CERRADO / DESEMBOLSO","Digital","Inversionista P2P","false","3.346","SI","0.255",,"2026"
"CONTRATO CERRADO / DESEMBOLSO","202603","P04822","30000.0","30000.0","39150.0","39150.0","9150.0","9150.0","60","PEN","2.18","Cuota Fija","Alto","SANTA","CHIMBOTE","casa","83865.0",,"39150.0","39150.0",,"0.126168","0.126168","0.8738319999999999","2026-02-17 21:37:24","2026-03-23 14:34:56","33","CONTRATO CERRADO / DESEMBOLSO","Digital","Inversionista P2P","true","3.346","SI","0.305",,"2026"
"CONTRATO CERRADO / DESEMBOLSO","202603","P04801","15000.0","15000.0","20925.0","20925.0","5925.0","5925.0","48","PEN","1.34","Cuota Fija","Moderado Medio","LIMA","SAN JUAN DE LURIGANCHO","casa","107873.0",,"20925.0","20925.0",,"0.052426","0.052426","0.947574","2026-02-20 20:38:42","2026-03-16 23:11:07","24","CONTRATO CERRADO / DESEMBOLSO","Digital","Inversionista P2P","true","3.346","SI","0.395",,"2026"
"CONTRATO CERRADO / DESEMBOLSO","202603","P04857","130000.0","130000.0","150800.0","150800.0","20800.0","20800.0","72","PEN","2.82","Cuota Fija","Alto","TRUJILLO","TRUJILLO","casa","300270.0",,"150800.0","150800.0",,"0.135734","0.135734","0.864266","2026-02-20 20:49:38","2026-03-30 22:52:09","38","CONTRATO CERRADO / DESEMBOLSO","Digital","Inversionista P2P","false","3.317","SI","0.16",,"2026"
"CONTRATO CERRADO / DESEMBOLSO","202603","P04783","70000.0","70000.0","84700.0","84700.0","14700.0","14700.0","60","PEN","1.5","Cuota Fija","Moderado","LIMA","SAN JUAN DE LURIGANCHO","casa","127223.0",,"84700.0","84700.0",,"0.179935","0.179935","0.820065","2026-02-23 15:20:55","2026-03-13 22:09:47","18","CONTRATO CERRADO / DESEMBOLSO","Digital","Inversionista P2P","false","3.346","SI","0.21",,"2026"
"CONTRATO CERRADO / DESEMBOLSO","202603","P04852","130000.0","130000.0","132743.0","132743.0","2743.0","2743.0","72","PEN","2.6","Cuota Fija","Bajo Medio","LIMA","PUNTA HERMOSA",,"92470.0",,"132743.0","132743.0",,"0.38798","0.38798","0.61202","2026-02-24 15:56:25","2026-03-27 17:09:37","31","CONTRATO CERRADO / DESEMBOLSO","Presencial","Fondos privados","false","3.317","SI","0.0211",,"2026"
"CONTRATO CERRADO / DESEMBOLSO","202604","P04925","1818361.23","1818361.23","1829089.57","1829089.57","10728.34","10728.34","96","PEN","2.05","Cuota Fija","Moderado","LIMA","SANTIAGO DE SURCO",,"800033.0",,"1829089.57","1829089.57",,"0.61791","0.61791","0.38209000000000004","2026-02-26 19:13:04","2026-04-21 23:35:53","54","CONTRATO CERRADO / DESEMBOLSO","Digital","Fondos privados","false","3.317","SI","0.005900004808175546",,"2026"
"CONTRATO CERRADO / DESEMBOLSO","202603","P04815","40000.0","40000.0","42308.0","42308.0","2308.0","2308.0","24","PEN","3.2","Cuota Fija","Moderado Medio","LIMA","SAN JUAN DE LURIGANCHO","departamento","33998.0",,"42308.0","42308.0",,"0.336331","0.336331","0.6636690000000001","2026-02-26 22:24:57","2026-03-17 22:08:10","18","CONTRATO CERRADO / DESEMBOLSO","Digital","Fondos privados","false","3.317","SI","0.0577",,"2026"
"CONTRATO CERRADO / DESEMBOLSO","202603","P04874","130000.0","130000.0","133055.0","133055.0","3055.0","3055.0","60","PEN","2.8","Cuota Fija","Bajo Medio","PIURA","VEINTISEIS DE OCTUBRE",,"117434.0",,"133055.0","133055.0",,"0.306221","0.306221","0.6937789999999999","2026-03-01 19:08:33","2026-03-31 22:53:04","30","CONTRATO CERRADO / DESEMBOLSO","Presencial","Fondos privados","false","3.317","SI","0.0235",,"2026"
"CONTRATO CERRADO / DESEMBOLSO","202603","P04841","140000.0","140000.0","142786.0","142786.0","2786.0","2786.0","18","PEN","2.67","Cuota Fija","Moderado","LIMA","SAN BORJA","departamento","166655.0",,"142786.0","142786.0",,"0.231561","0.231561","0.768439","2026-02-27 15:47:29","2026-03-25 14:41:13","25","CONTRATO CERRADO / DESEMBOLSO","Digital","Fondos privados","true","3.317","SI","0.0199",,"2026"
"CONTRATO CERRADO / DESEMBOLSO","202604","P04912","100000.0","100000.0","102600.0","102600.0","2600.0","2600.0","30","PEN","2.99","Cuota Fija","Moderado Medio","PACASMAYO","GUADALUPE",,"158540.0",,"102600.0","102600.0",,"0.174907","0.174907","0.825093","2026-03-03 23:06:14","2026-04-17 14:14:40","44","CONTRATO CERRADO / DESEMBOLSO","Presencial","Fondos privados","false","3.317","SI","0.026",,"2026"
"CONTRATO CERRADO / DESEMBOLSO","202603","P04812","25000.0","25000.0","32875.0","32875.0","7875.0","7875.0","48","PEN","1.39","Cuota Fija","Moderado","LIMA","VILLA EL SALVADOR","casa","99080.0",,"32875.0","32875.0",,"0.089676","0.089676","0.910324","2026-03-03 21:59:42","2026-03-20 16:08:29","16","CONTRATO CERRADO / DESEMBOLSO","Digital","Inversionista P2P","true","3.317","SI","0.315",,"2026"
"CONTRATO CERRADO / DESEMBOLSO","202607","P05218","60000.0","60000.0","75300.0","75300.0","15300.0","15300.0","72","PEN","1.6","Cuota Fija","Moderado","LIMA","SAN MARTIN DE PORRES","terreno","158312.0",,"75300.0","75300.0",,"0.128552","0.128552","0.871448","2026-03-04 14:11:11","2026-07-25 15:46:22","143","CONTRATO CERRADO / DESEMBOLSO","Digital","Inversionista P2P","true","3.317","SI","0.255",,"2026"
"CONTRATO CERRADO / DESEMBOLSO","202603","P04862","25000.0","25000.0","27240.0","27240.0","2240.0","2240.0","24","PEN","2.99","Cuota Fija","Medio","LIMA","MAGDALENA DEL MAR","casa","109800.0",,"27240.0","27240.0",,"0.067051","0.067051","0.932949","2026-03-09 19:31:34","2026-03-30 20:44:58","21","CONTRATO CERRADO / DESEMBOLSO","Digital","Fondos privados","true","3.317","SI","0.0896",,"2026"
"CONTRATO CERRADO / DESEMBOLSO","202603","P04828","70000.0","70000.0","85050.0","85050.0","15050.0","15050.0","60","PEN","1.56","Cuota Fija","Moderado Medio","LIMA","SURCO","departamento","118026.0",,"85050.0","85050.0",,"0.194758","0.194758","0.805242","2026-03-09 23:05:26","2026-03-26 14:56:51","16","CONTRATO CERRADO / DESEMBOLSO","Digital","Inversionista P2P","true","3.317","SI","0.215",,"2026"
"CONTRATO CERRADO / DESEMBOLSO","202604","P04889","180000.0","180000.0","198000.0","198000.0","18000.0","18000.0","120","PEN","1.45","Cuota Fija","Moderado","LIMA","PUEBLO LIBRE","casa","184119.0",,"198000.0","198000.0",,"0.290646","0.290646","0.709354","2026-03-10 16:49:57","2026-04-13 23:13:45","34","CONTRATO CERRADO / DESEMBOLSO","Digital","Inversionista P2P","false","3.317","SI","0.1",,"2026"
"CONTRATO CERRADO / DESEMBOLSO","202604","P04878","86010.14","86010.14","101922.02","101922.02","15911.88","15911.88","72","PEN","1.46","Cuota Fija","Bajo Medio","LIMA","SURQUILLO",,"401352.0",,"101922.02","101922.02",,"0.068634","0.068634","0.931366","2026-03-11 15:28:59","2026-04-07 22:11:14","27","CONTRATO CERRADO / DESEMBOLSO","Digital","Inversionista P2P","true","3.317","SI","0.1850000476687981",,"2026"
"CONTRATO CERRADO / DESEMBOLSO","202603","P04839","50000.0","50000.0","52355.0","52355.0","2355.0","2355.0","48","PEN","2.16","Cuota Fija","Bajo Medio","LIMA","SAN MARTIN DE PORRES","casa","106084.0",,"52355.0","52355.0",,"0.133385","0.133385","0.866615","2026-03-10 19:03:32","2026-03-24 23:16:28","14","CONTRATO CERRADO / DESEMBOLSO","Digital","Fondos privados","true","3.317","SI","0.0471",,"2026"
"CONTRATO CERRADO / DESEMBOLSO","202603","P04842","15000.0","15000.0","17187.0","17187.0","2187.0","2187.0","24","PEN","3.12","Cuota Fija","Alto","LIMA","SAN JUAN DE LURIGANCHO","departamento","36013.0",,"17187.0","17187.0",,"0.128985","0.128985","0.871015","2026-03-11 22:08:41","2026-03-25 22:18:05","14","CONTRATO CERRADO / DESEMBOLSO","Digital","Fondos privados","true","3.317","SI","0.1458",,"2026"
"CONTRATO CERRADO / DESEMBOLSO","202603","P04848","60000.0","60000.0","62406.0","62406.0","2406.0","2406.0","72","PEN","2.09","Cuota Fija","Moderado","LIMA","SANTIAGO DE SURCO","departamento","96237.0",,"62406.0","62406.0",,"0.17526","0.17526","0.82474","2026-03-12 19:18:09","2026-03-27 21:18:49","15","CONTRATO CERRADO / DESEMBOLSO","Digital","Fondos privados","true","3.317","SI","0.0401",,"2026"
"CONTRATO CERRADO / DESEMBOLSO","202606","P05079","450000.0","450000.0","454275.0","454275.0","4275.0","4275.0","72","PEN","1.92","Cuota Fija","Bajo Medio","LIMA","SAN MIGUEL","casa","265215.0",,"454275.0","454275.0",,"0.462934","0.462934","0.537066","2026-03-13 21:35:24","2026-06-12 15:56:55","90","CONTRATO CERRADO / DESEMBOLSO","Digital","Fondos privados","false","3.317","SI","0.0095",,"2026"
"CONTRATO CERRADO / DESEMBOLSO","202604","P04886","35000.0","35000.0","37597.0","37597.0","2597.0","2597.0","48","PEN","2.95","Cuota Fija","Moderado","PIURA","PIURA","casa","234618.0",,"37597.0","37597.0",,"0.04331","0.04331","0.95669","2026-03-17 16:03:54","2026-04-10 22:16:05","24","CONTRATO CERRADO / DESEMBOLSO","Digital","Fondos privados","true","3.317","SI","0.0742",,"2026"
"CONTRATO CERRADO / DESEMBOLSO","202603","P04846","50000.0","50000.0","52355.0","52355.0","2355.0","2355.0","60","PEN","2.72","Cuota Fija","Bajo","LIMA","ATE",,"69803.0",,"52355.0","52355.0",,"0.202713","0.202713","0.797287","2026-03-18 20:28:46","2026-03-26 22:45:06","8","CONTRATO CERRADO / DESEMBOLSO","Digital","Fondos privados","true","1.0","SI","0.0471",,"2026"
"CONTRATO CERRADO / DESEMBOLSO","202604","P04929","50000.0","50000.0","52355.0","52355.0","2355.0","2355.0","42","PEN","2.13","Cuota Fija","Moderado Medio","LIMA","CHORRILLOS",,"55259.0",,"52355.0","52355.0",,"0.256067","0.256067","0.743933","2026-03-23 20:29:52","2026-04-24 14:02:26","31","CONTRATO CERRADO / DESEMBOLSO","Digital","Fondos privados","false","3.317","SI","0.0471",,"2026"
"CONTRATO CERRADO / DESEMBOLSO","202604","P04913","75000.0","75000.0","91500.0","91500.0","16500.0","16500.0","12","PEN","1.6","Credito Puente","Bajo Medio","LIMA","CARABAYLLO","casa","82337.0",,"91500.0","91500.0",,"0.300348","0.300348","0.6996519999999999","2026-03-24 16:32:41","2026-04-20 19:42:19","27","CONTRATO CERRADO / DESEMBOLSO","Digital","Inversionista P2P","false","3.317","SI","0.22",,"2026"
"CONTRATO CERRADO / DESEMBOLSO","202604","P04904","56456.28","56456.28","58838.74","58838.74","2382.46","2382.46","72","PEN","2.14","Cuota Fija","Bajo Medio","LIMA","BREÑA",,"95633.0",,"58838.74","58838.74",,"0.166285","0.166285","0.833715","2026-03-26 14:41:15","2026-04-16 21:34:00","21","CONTRATO CERRADO / DESEMBOLSO","Digital","Fondos privados","true","3.317","SI","0.04220008828070146",,"2026"
"CONTRATO CERRADO / DESEMBOLSO","202604","P04899","25000.0","25000.0","27240.0","27240.0","2240.0","2240.0","30","PEN","3.24","Cuota Fija","Medio","LIMA","COMAS","casa","106877.0",,"27240.0","27240.0",,"0.068884","0.068884","0.931116","2026-03-26 14:39:12","2026-04-15 19:58:36","20","CONTRATO CERRADO / DESEMBOLSO","Digital","Fondos privados","true","3.317","SI","0.0896",,"2026"
"CONTRATO CERRADO / DESEMBOLSO","202605","P05003","300000.0","300000.0","336000.0","336000.0","36000.0","36000.0","120","PEN","2.2","Cuota Fija","Moderado Medio","CHICLAYO","CHICLAYO",,"252296.0",,"336000.0","336000.0",,"0.359938","0.359938","0.640062","2026-03-27 21:15:51","2026-05-22 17:49:49","55","CONTRATO CERRADO / DESEMBOLSO","Presencial","Inversionista P2P","false","3.317","SI","0.12",,"2026"
"CONTRATO CERRADO / DESEMBOLSO","202605","P05020","85000.0","85000.0","87516.0","87516.0","2516.0","2516.0","60","PEN","2.38","Cuota Fija","Moderado Medio","LIMA","RIMAC","departamento","69753.0",,"87516.0","87516.0",,"0.339096","0.339096","0.6609039999999999","2026-03-27 16:06:27","2026-05-22 22:04:02","56","CONTRATO CERRADO / DESEMBOLSO","Digital","Fondos privados","false","3.317","SI","0.0296",,"2026"
"CONTRATO CERRADO / DESEMBOLSO","202604","P04914","23000.0","23000.0","30935.0","30935.0","7935.0","7935.0","72","PEN","1.47","Cuota Fija","Alto","LIMA","VILLA MARIA DEL TRIUNFO","casa","50066.0",,"30935.0","30935.0",,"0.166996","0.166996","0.833004","2026-03-30 15:21:47","2026-04-21 19:21:45","22","CONTRATO CERRADO / DESEMBOLSO","Digital","Inversionista P2P","true","3.32","SI","0.345",,"2026"
"CONTRATO CERRADO / DESEMBOLSO","202607","P05164","25000.0","25000.0","34375.0","34375.0","9375.0","9375.0","60","PEN","1.27","Cuota Fija","Bajo Medio","LIMA","CHORRILLOS","departamento","50025.0",,"34375.0","34375.0",,"0.185718","0.185718","0.814282","2026-03-30 14:28:26","2026-07-09 14:02:34","100","CONTRATO CERRADO / DESEMBOLSO","Digital","Inversionista P2P","true","3.317","SI","0.375",,"2026"
"CONTRATO CERRADO / DESEMBOLSO","202604","P04947","68000.0","68000.0","69632.0","69632.0","1632.0","1632.0","72","PEN","2.65","Cuota Fija","Bajo Medio","SANTA","NUEVO CHIMBOTE",,"55821.0",,"69632.0","69632.0",,"0.337139","0.337139","0.6628609999999999","2026-03-30 20:51:33","2026-04-28 14:26:25","28","CONTRATO CERRADO / DESEMBOLSO","Presencial","Fondos privados","false","1.0","SI","0.024",,"2026"
"CONTRATO CERRADO / DESEMBOLSO","202604","P04921","20000.0","20000.0","27500.0","27500.0","7500.0","7500.0","48","PEN","2.01","Cuota Fija","Alto","PIURA","PIURA","departamento","53866.0",,"27500.0","27500.0",,"0.13798","0.13798","0.86202","2026-03-30 17:30:48","2026-04-24 15:10:26","24","CONTRATO CERRADO / DESEMBOLSO","Digital","Inversionista P2P","true","3.32","SI","0.375",,"2026"
"CONTRATO CERRADO / DESEMBOLSO","202604","P04907","23000.0","23000.0","25224.1","25224.1","2224.1","2224.1","48","PEN","2.28","Cuota Fija","Moderado","LIMA","SAN BARTOLO","departamento","52208.0",,"25224.1","25224.1",,"0.13058","0.13058","0.86942","2026-04-01 13:59:38","2026-04-16 23:09:47","15","CONTRATO CERRADO / DESEMBOLSO","Digital","Fondos privados","true","3.32","SI","0.0967",,"2026"
"CONTRATO CERRADO / DESEMBOLSO","202604","P04909","70000.0","70000.0","72450.0","72450.0","2450.0","2450.0","72","PEN","3.0","Cuota Fija","Moderado Medio","LIMA","COMAS","departamento","52304.0",,"72450.0","72450.0",,"0.374371","0.374371","0.625629","2026-04-01 13:54:45","2026-04-17 23:04:49","16","CONTRATO CERRADO / DESEMBOLSO","Digital","Fondos privados","false","3.32","SI","0.035",,"2026"
"CONTRATO CERRADO / DESEMBOLSO","202604","P04923","61755.340000000004","61755.340000000004","64169.98","64169.98","2414.64","2414.64","36","PEN","2.49","Cuota Fija","Moderado","LIMA","LOS OLIVOS",,"47808.0",,"64169.98","64169.98",,"0.362769","0.362769","0.637231","2026-04-06 16:18:35","2026-04-20 15:12:39","13","CONTRATO CERRADO / DESEMBOLSO","Digital","Fondos privados","false","3.32","SI","0.03910010049333385",,"2026"
"CONTRATO CERRADO / DESEMBOLSO","202604","P04931","111456.31999999999","111456.31999999999","130403.9","130403.9","18947.58","18947.58","48","PEN","1.85","Cuota Fija","Bajo Medio","LIMA","SAN JUAN DE MIRAFLORES",,"76494.0",,"130403.9","130403.9",,"0.460746","0.460746","0.539254","2026-04-06 14:09:04","2026-04-28 22:10:48","22","CONTRATO CERRADO / DESEMBOLSO","Digital","Inversionista P2P","false","3.32","SI","0.17000005024389828",,"2026"
"CONTRATO CERRADO / DESEMBOLSO","202604","P04942","140000.0","140000.0","142786.0","142786.0","2786.0","2786.0","72","PEN","2.41","Cuota Fija","Moderado","LIMA","COMAS","casa","115927.0",,"142786.0","142786.0",,"0.332889","0.332889","0.667111","2026-04-08 23:05:10","2026-04-28 22:04:15","19","CONTRATO CERRADO / DESEMBOLSO","Digital","Fondos privados","false","3.32","SI","0.0199",,"2026"
"CONTRATO CERRADO / DESEMBOLSO","202607","P05154","170000.0","170000.0","188700.0","188700.0","18700.0","18700.0","66","PEN","1.6","Cuota Fija","Bajo","CALLAO","CARMEN DE LA LEGUA",,"312201.0",,"188700.0","188700.0",,"0.163356","0.163356","0.8366439999999999","2026-04-09 15:07:03","2026-07-06 22:44:04","88","CONTRATO CERRADO / DESEMBOLSO","Presencial","Inversionista P2P","false","3.32","SI","0.11",,"2026"
"CONTRATO CERRADO / DESEMBOLSO","202604","P04945","70000.0","70000.0","71659.0","71659.0","1659.0","1659.0","60","PEN","2.45","Cuota Fija","Bajo Medio","CHICLAYO","CHICLAYO",,"82693.0",,"71659.0","71659.0",,"0.234207","0.234207","0.765793","2026-04-10 00:10:54","2026-04-28 22:48:17","18","CONTRATO CERRADO / DESEMBOLSO","Digital","Fondos privados","false","3.32","SI","0.0237",,"2026"
"CONTRATO CERRADO / DESEMBOLSO","202604","P04933","18000.0","18000.0","24480.0","24480.0","6480.0","6480.0","72","PEN","1.38","Cuota Fija","Moderado Medio","LIMA","ATE","local","49859.0",,"24480.0","24480.0",,"0.132699","0.132699","0.867301","2026-04-11 14:46:38","2026-04-29 20:48:47","18","CONTRATO CERRADO / DESEMBOLSO","Digital","Inversionista P2P","true","3.32","SI","0.36",,"2026"
"CONTRATO CERRADO / DESEMBOLSO","202605","P04953","40000.0","40000.0","52000.0","52000.0","12000.0","12000.0","48","PEN","1.2","Cuota Fija","Alto","TRUJILLO","LA ESPERANZA",,"63987.0",,"52000.0","52000.0",,"0.219639","0.219639","0.780361","2026-04-11 03:47:25","2026-05-04 22:24:45","23","CONTRATO CERRADO / DESEMBOLSO","Presencial","Inversionista P2P","false","3.32","SI","0.3",,"2026"
"CONTRATO CERRADO / DESEMBOLSO","202604","P04927","50000.0","50000.0","52355.0","52355.0","2355.0","2355.0","48","PEN","2.42","Cuota Fija","Moderado","LIMA","VILLA EL SALVADOR","casa","40817.0",,"52355.0","52355.0",,"0.346669","0.346669","0.653331","2026-04-10 19:55:40","2026-04-24 21:26:27","14","CONTRATO CERRADO / DESEMBOLSO","Digital","Fondos privados","false","3.32","SI","0.0471",,"2026"
"CONTRATO CERRADO / DESEMBOLSO","202604","P04937","110000.0","110000.0","132000.0","132000.0","22000.0","22000.0","72","PEN","1.94","Cuota Fija","Moderado","LIMA","CARABAYLLO","casa","102651.0",,"132000.0","132000.0",,"0.347544","0.347544","0.6524559999999999","2026-04-13 16:08:45","2026-04-30 20:49:04","17","CONTRATO CERRADO / DESEMBOLSO","Digital","Inversionista P2P","false","3.32","SI","0.2",,"2026"
"CONTRATO CERRADO / DESEMBOLSO","202605","P04976","15000.0","15000.0","20250.0","20250.0","5250.0","5250.0","18","PEN","1.9","Cuota Fija","Alto","CHICLAYO","JOSE LEONARDO ORTIZ","casa","68750.0",,"20250.0","20250.0",,"0.079607","0.079607","0.920393","2026-04-14 19:39:08","2026-05-15 23:03:15","31","CONTRATO CERRADO / DESEMBOLSO","Digital","Inversionista P2P","true","3.32","SI","0.35",,"2026"
"CONTRATO CERRADO / DESEMBOLSO","202605","P04977","40000.0","40000.0","42308.0","42308.0","2308.0","2308.0","48","PEN","2.62","Cuota Fija","Medio","LIMA","SAN MARTIN DE PORRES","casa","97829.0",,"42308.0","42308.0",,"0.116884","0.116884","0.883116","2026-04-14 15:41:07","2026-05-11 15:22:25","26","CONTRATO CERRADO / DESEMBOLSO","Digital","Fondos privados","true","3.32","SI","0.0577",,"2026"
"CONTRATO CERRADO / DESEMBOLSO","202607","P05213","300000.0","300000.0","330000.0","330000.0","30000.0","30000.0","36","PEN","1.25","Cuota Fija","Moderado","LIMA","CARABAYLLO","casa","245231.0",,"330000.0","330000.0",,"0.363695","0.363695","0.636305","2026-04-14 16:57:53","2026-07-24 20:51:38","101","CONTRATO CERRADO / DESEMBOLSO","Digital","Inversionista P2P","false","3.32","SI","0.1",,"2026"
"CONTRATO CERRADO / DESEMBOLSO","202605","P04963","75000.0","75000.0","76560.0","76560.0","1560.0","1560.0","96","PEN","2.8","Cuota Fija","Moderado","TRUJILLO","VICTOR LARCO HERRERA",,"164673.0",,"76560.0","76560.0",,"0.125654","0.125654","0.8743460000000001","2026-04-16 20:04:37","2026-05-07 14:16:25","20","CONTRATO CERRADO / DESEMBOLSO","Presencial","Fondos privados","false","3.32","SI","0.0208",,"2026"
"CONTRATO CERRADO / DESEMBOLSO","202605","P04956","189710.64","189710.64","203938.94","203938.94","14228.3","14228.3","72","PEN","1.4","Cuota Fija","Moderado Medio","LIMA","SAN MIGUEL",,"160326.0",,"203938.94","203938.94",,"0.343791","0.343791","0.656209","2026-04-16 22:47:56","2026-05-08 21:36:06","21","CONTRATO CERRADO / DESEMBOLSO","Digital","Inversionista P2P","false","1.0","SI","0.07500001054237125",,"2026"
"CONTRATO CERRADO / DESEMBOLSO","202605","P04958","40000.0","40000.0","50000.0","50000.0","10000.0","10000.0","72","PEN","1.5","Cuota Fija","Moderado Medio","LIMA","EL AGUSTINO","terreno","52686.0",,"50000.0","50000.0",,"0.256492","0.256492","0.7435080000000001","2026-04-16 16:29:12","2026-05-09 15:02:38","22","CONTRATO CERRADO / DESEMBOLSO","Digital","Inversionista P2P","false","3.32","SI","0.25",,"2026"
"CONTRATO CERRADO / DESEMBOLSO","202605","P05021","180000.0","180000.0","182160.0","182160.0","2160.0","2160.0","36","PEN","2.2","Cuota Fija","Bajo Medio","SANTA","SANTA",,"137613.0",,"182160.0","182160.0",,"0.35776","0.35776","0.6422399999999999","2026-04-16 23:54:48","2026-05-22 23:41:16","35","CONTRATO CERRADO / DESEMBOLSO","Presencial","Fondos privados","false","3.32","SI","0.012",,"2026"
"CONTRATO CERRADO / DESEMBOLSO","202606","P05083","140000.0","140000.0","162400.0","162400.0","22400.0","22400.0","72","PEN","2.0","Cuota Fija","Moderado","SANTA","CHIMBOTE",,"119810.0",,"162400.0","162400.0",,"0.366346","0.366346","0.6336539999999999","2026-04-20 16:25:21","2026-06-11 22:25:51","52","CONTRATO CERRADO / DESEMBOLSO","Presencial","Inversionista P2P","false","3.343","SI","0.16",,"2026"
"CONTRATO CERRADO / DESEMBOLSO","202605","P05006","500000.0","500000.0","522500.0","522500.0","22500.0","22500.0","72","PEN","1.54","Cuota Fija","Bajo","LIMA","MIRAFLORES",,"240104.0",,"522500.0","522500.0",,"0.588146","0.588146","0.41185400000000005","2026-04-21 16:33:07","2026-05-22 22:02:38","31","CONTRATO CERRADO / DESEMBOLSO","Digital","Inversionista P2P","false","3.32","SI","0.045",,"2026"
"CONTRATO CERRADO / DESEMBOLSO","202605","P05008","40000.0","40000.0","50000.0","50000.0","10000.0","10000.0","36","PEN","1.36","Cuota Fija","Bajo Medio","LIMA","LINCE",,"101250.0",,"50000.0","50000.0",,"0.133467","0.133467","0.866533","2026-04-22 16:13:03","2026-05-23 14:50:58","30","CONTRATO CERRADO / DESEMBOLSO","Digital","Inversionista P2P","true","3.343","SI","0.25",,"2026"
"CONTRATO CERRADO / DESEMBOLSO","202607","P05147","100000.0","100000.0","102600.0","102600.0","2600.0","2600.0","60","PEN","1.97","Cuota Fija","Bajo Medio","LIMA","MIRAFLORES",,"117198.0",,"102600.0","102600.0",,"0.236606","0.236606","0.763394","2026-04-27 21:21:46","2026-07-01 18:45:49","64","CONTRATO CERRADO / DESEMBOLSO","Presencial","Fondos privados","true","3.343","SI","0.026",,"2026"
"CONTRATO CERRADO / DESEMBOLSO","202607","P05149","160000.0","160000.0","180800.0","180800.0","20800.0","20800.0","84","PEN","1.4","Cuota Fija","Bajo Medio","LIMA","SAN JUAN DE MIRAFLORES",,"210019.0",,"180800.0","180800.0",,"0.232669","0.232669","0.767331","2026-04-29 16:07:31","2026-07-03 21:39:08","65","CONTRATO CERRADO / DESEMBOLSO","Digital","Inversionista P2P","false","3.343","SI","0.13",,"2026"
"CONTRATO CERRADO / DESEMBOLSO","202605","P05019","94000.0","94000.0","96575.6","96575.6","2575.6","2575.6","72","PEN","2.6","Cuota Fija","Bajo","LIMA","MIRAFLORES",,"94865.0",,"96575.6","96575.6",,"0.275144","0.275144","0.724856","2026-04-29 16:34:41","2026-05-22 22:11:00","23","CONTRATO CERRADO / DESEMBOLSO","Digital","Fondos privados","true","3.343","SI","0.0274",,"2026"
"CONTRATO CERRADO / DESEMBOLSO","202605","P05010","38879.69","38879.69","41181.37","41181.37","2301.68","2301.68","72","PEN","2.58","Cuota Fija","Moderado Medio","LIMA","JESUS MARIA",,"102696.0",,"41181.37","41181.37",,"0.108379","0.108379","0.891621","2026-05-04 16:14:10","2026-05-18 22:43:47","14","CONTRATO CERRADO / DESEMBOLSO","Digital","Fondos privados","true","3.343","SI","0.05920006049430949",,"2026"
"CONTRATO CERRADO / DESEMBOLSO","202605","P05005","148707.69","148707.69","164322.0","164322.0","15614.31","15614.31","84","PEN","1.3","Cuota Fija","Bajo Medio","LIMA","SANTIAGO DE SURCO",,"352987.0",,"164322.0","164322.0",,"0.125816","0.125816","0.874184","2026-05-05 14:31:20","2026-05-22 20:45:22","17","CONTRATO CERRADO / DESEMBOLSO","Digital","Inversionista P2P","true","1.0","SI","0.10500001714773459",,"2026"
"CONTRATO CERRADO / DESEMBOLSO","202606","P05073 ","1350000.0","1350000.0","1365930.0","1365930.0","15930.0","15930.0","120","PEN","1.0","Cuota Fija","Bajo","LIMA","SAN LUIS",,"593493.0",,"1365930.0","1365930.0",,"0.62203","0.62203","0.37797000000000003","2026-05-05 16:23:26","2026-06-02 22:12:35","28","CONTRATO CERRADO / DESEMBOLSO","Presencial","Fondos privados","false","3.343","SI","0.0118",,"2026"
"CONTRATO CERRADO / DESEMBOLSO","202606","P05136","150000.0","150000.0","172500.0","172500.0","22500.0","22500.0","72","PEN","1.7","Cuota Fija","Moderado","TRUJILLO","HUANCHACO",,"160455.0",,"172500.0","172500.0",,"0.290559","0.290559","0.709441","2026-05-05 17:48:06","2026-06-22 22:18:54","48","CONTRATO CERRADO / DESEMBOLSO","Presencial","Inversionista P2P","false","3.343","SI","0.15",,"2026"
"CONTRATO CERRADO / DESEMBOLSO","202605","P05052","37000.0","37000.0","39297.7","39297.7","2297.7","2297.7","72","PEN","2.6","Cuota Fija","Moderado Medio","LIMA","VILLA EL SALVADOR","terreno","60027.0",,"39297.7","39297.7",,"0.176937","0.176937","0.823063","2026-05-06 17:21:46","2026-05-29 23:27:12","23","CONTRATO CERRADO / DESEMBOLSO","Digital","Fondos privados","false","3.343","SI","0.062099999999999995",,"2026"
"CONTRATO CERRADO / DESEMBOLSO","202607","P05170","169500.0","169500.0","173059.5","173059.5","3559.5","3559.5","60","PEN","2.1","Cuota Fija","Moderado","TRUJILLO","EL PORVENIR",,"127629.0",,"173059.5","173059.5",,"0.366475","0.366475","0.633525","2026-05-07 21:12:39","2026-07-07 22:51:35","61","CONTRATO CERRADO / DESEMBOLSO","Presencial","Fondos privados","false","3.343","SI","0.021",,"2026"
"CONTRATO CERRADO / DESEMBOLSO","202605","P05035","20000.0","20000.0","26500.0","26500.0","6500.0","6500.0","24","PEN","1.91","Cuota Fija","Alto","TRUJILLO","TRUJILLO","departamento","35264.0",,"26500.0","26500.0",,"0.203101","0.203101","0.796899","2026-05-08 14:04:51","2026-05-28 21:11:45","20","CONTRATO CERRADO / DESEMBOLSO","Digital","Inversionista P2P","false","3.343","SI","0.325",,"2026"
"CONTRATO CERRADO / DESEMBOLSO","202605","P05040","30000.0","30000.0","39450.0","39450.0","9450.0","9450.0","24","PEN","1.9","Cuota Fija","Alto","SULLANA","SULLANA","casa","49676.0",,"39450.0","39450.0",,"0.214634","0.214634","0.785366","2026-05-12 20:20:54","2026-05-29 23:09:02","17","CONTRATO CERRADO / DESEMBOLSO","Digital","Inversionista P2P","false","3.343","SI","0.315",,"2026"
"CONTRATO CERRADO / DESEMBOLSO","202606","P05067","30000.0","30000.0","38850.0","38850.0","8850.0","8850.0","60","PEN","1.9","Cuota Fija","Bajo Medio","CUSCO","WANCHAQ","departamento","78337.0",,"38850.0","38850.0",,"0.134036","0.134036","0.865964","2026-05-14 17:08:24","2026-06-05 21:36:04","22","CONTRATO CERRADO / DESEMBOLSO","Digital","Inversionista P2P","true","3.343","SI","0.295",,"2026"
"CONTRATO CERRADO / DESEMBOLSO","202606","P05076","177000.0","177000.0","179973.6","179973.6","2973.6","2973.6","72","PEN","1.87","Cuota Fija","Bajo","LIMA","SURQUILLO",,"87865.0",,"179973.6","179973.6",,"0.553594","0.553594","0.44640599999999997","2026-05-14 16:15:11","2026-06-08 14:49:55","24","CONTRATO CERRADO / DESEMBOLSO","Digital","Fondos privados","false","3.343","SI","0.0168",,"2026"
"CONTRATO CERRADO / DESEMBOLSO","202606","P05091","150000.0","150000.0","172500.0","172500.0","22500.0","22500.0","24","PEN","1.68","Cuota Fija","Moderado Medio","LIMA","MAGDALENA DEL MAR","departamento","140301.0",,"172500.0","172500.0",,"0.332297","0.332297","0.6677029999999999","2026-05-14 23:19:35","2026-06-11 20:03:15","27","CONTRATO CERRADO / DESEMBOLSO","Digital","Inversionista P2P","false","3.343","SI","0.15",,"2026"
"CONTRATO CERRADO / DESEMBOLSO","202605","P05046 ","29004.85","29004.85","31267.23","31267.23","2262.38","2262.38","48","PEN","2.45","Cuota Fija","Alto","LIMA","SANTIAGO DE SURCO",,"65205.0",,"31267.23","31267.23",,"0.129601","0.129601","0.870399","2026-05-15 20:22:10","2026-05-25 22:08:49","10","CONTRATO CERRADO / DESEMBOLSO","Digital","Fondos privados","true","1.0","SI","0.07800005861088749",,"2026"
"CONTRATO CERRADO / DESEMBOLSO","202607","P05179","400000.0","400000.0","434000.0","434000.0","34000.0","34000.0","48","PEN","1.53","Cuota Fija","Bajo Medio","ASCOPE","SANTIAGO DE CAO",,"300698.0",,"434000.0","434000.0",,"0.390084","0.390084","0.609916","2026-05-19 19:53:19","2026-07-13 22:36:41","55","CONTRATO CERRADO / DESEMBOLSO","Presencial","Inversionista P2P","false","3.343","SI","0.085",,"2026"
"CONTRATO CERRADO / DESEMBOLSO","202607","P05151","35000.0","35000.0","46200.0","46200.0","11200.0","11200.0","18","PEN","2.02","Cuota Fija","Moderado Medio","TRUJILLO","HUANCHACO",,"69256.0",,"46200.0","46200.0",,"0.180295","0.180295","0.819705","2026-05-22 21:20:30","2026-07-03 21:24:52","42","CONTRATO CERRADO / DESEMBOLSO","Presencial","Inversionista P2P","false","3.351","SI","0.32",,"2026"
"CONTRATO CERRADO / DESEMBOLSO","202606","P05106","15000.0","15000.0","21525.0","21525.0","6525.0","6525.0","72","PEN","1.29","Cuota Fija","Alto","LIMA","SANTIAGO DE SURCO",,"272699.0",,"21525.0","21525.0",,"0.021333","0.021333","0.978667","2026-05-22 15:47:18","2026-06-17 23:19:31","26","CONTRATO CERRADO / DESEMBOLSO","Digital","Inversionista P2P","true","3.343","SI","0.435",,"2026"
"CONTRATO CERRADO / DESEMBOLSO","202606","P05117","1500000.0","1500000.0","1509300.0","1509300.0","9300.0","9300.0","72","PEN","1.68","Cuota Fija","Moderado Medio",,,"local","1214576.0",,"1509300.0","1509300.0",,"0.335853","0.335853","0.664147","2026-05-22 15:20:46","2026-06-16 21:16:41","25","CONTRATO CERRADO / DESEMBOLSO","Digital","Fondos privados","false","3.343","SI","0.0062",,"2026"
"CONTRATO CERRADO / DESEMBOLSO","202607","P05169","285000.0","285000.0","288477.0","288477.0","3477.0","3477.0","72","PEN","1.4","Cuota Fija","Moderado Medio","LIMA","SAN JUAN DE LURIGANCHO",,"360099.0",,"288477.0","288477.0",,"0.216515","0.216515","0.783485","2026-05-25 20:48:14","2026-07-07 21:58:13","43","CONTRATO CERRADO / DESEMBOLSO","Presencial","Fondos privados","false","3.343","SI","0.0122",,"2026"
"CONTRATO CERRADO / DESEMBOLSO","202606","P05116","60000.0","60000.0","62412.0","62412.0","2412.0","2412.0","36","PEN","2.81","Cuota Fija","Moderado Medio","LIMA","SANTA ANITA","terreno","340361.0",,"62412.0","62412.0",,"0.049559","0.049559","0.950441","2026-05-27 15:02:51","2026-06-16 21:23:29","20","CONTRATO CERRADO / DESEMBOLSO","Digital","Fondos privados","true","3.343","SI","0.0402",,"2026"
"CONTRATO CERRADO / DESEMBOLSO","202606","P05114","50000.0","50000.0","62000.0","62000.0","12000.0","12000.0","72","PEN","1.5","Cuota Fija","Medio","TRUJILLO","MOCHE","casa","153158.0",,"62000.0","62000.0",,"0.109408","0.109408","0.890592","2026-05-29 15:00:56","2026-06-19 14:51:34","20","CONTRATO CERRADO / DESEMBOLSO","Digital","Inversionista P2P","false","3.351","SI","0.24",,"2026"
"CONTRATO CERRADO / DESEMBOLSO","202606","P05138","35000.0","35000.0","37292.5","37292.5","2292.5","2292.5","60","PEN","2.9","Cuota Fija","Moderado","LIMA","VILLA MARIA DEL TRIUNFO","casa","75711.0",,"37292.5","37292.5",,"0.133125","0.133125","0.8668750000000001","2026-05-29 23:06:37","2026-06-22 22:51:03","23","CONTRATO CERRADO / DESEMBOLSO","Digital","Fondos privados","true","3.351","SI","0.0655",,"2026"
"CONTRATO CERRADO / DESEMBOLSO","202607","P05210","80000.0","80000.0","97200.0","97200.0","17200.0","17200.0","48","PEN","2.01","Cuota Fija","Bajo Medio","CHICLAYO","CHICLAYO",,"95211.0",,"97200.0","97200.0",,"0.275916","0.275916","0.724084","2026-06-02 00:29:24","2026-07-22 23:00:35","50","CONTRATO CERRADO / DESEMBOLSO","Presencial","Inversionista P2P","false","3.351","SI","0.215",,"2026"
"CONTRATO CERRADO / DESEMBOLSO","202606","P05108","50000.0","50000.0","63000.0","63000.0","13000.0","13000.0","60","PEN","1.46","Cuota Fija","Moderado Medio","LIMA","LOS OLIVOS","casa","60590.0",,"63000.0","63000.0",,"0.281021","0.281021","0.718979","2026-06-04 16:31:07","2026-06-17 21:51:53","13","CONTRATO CERRADO / DESEMBOLSO","Digital","Inversionista P2P","false","3.351","SI","0.26",,"2026"
"CONTRATO CERRADO / DESEMBOLSO","202606","P05124","30000.0","30000.0","39000.0","39000.0","9000.0","9000.0","36","PEN","1.15","Cuota Fija","Bajo","LIMA","SANTIAGO DE SURCO","departamento","57522.0",,"39000.0","39000.0",,"0.183244","0.183244","0.816756","2026-06-10 21:11:11","2026-06-24 16:33:26","13","CONTRATO CERRADO / DESEMBOLSO","Digital","Inversionista P2P","true","3.351","SI","0.3",,"2026"
"CONTRATO CERRADO / DESEMBOLSO","202607","P05180","45000.0","45000.0","59400.0","59400.0","14400.0","14400.0","48","PEN","2.26","Cuota Fija","Alto","SANTA","NUEVO CHIMBOTE",,"128680.0",,"59400.0","59400.0",,"0.124759","0.124759","0.875241","2026-06-10 21:22:17","2026-07-13 19:36:58","32","CONTRATO CERRADO / DESEMBOLSO","Presencial","Inversionista P2P","true","3.351","SI","0.32",,"2026"
"CONTRATO CERRADO / DESEMBOLSO","202607","P05200","70500.0","70500.0","73961.55","73961.55","3461.55","3461.55","24","PEN","1.7","Cuota Fija","Bajo Medio","CHICLAYO","MONSEFU",,"54672.0",,"73961.55","73961.55",,"0.365628","0.365628","0.6343719999999999","2026-06-15 16:50:57","2026-07-17 21:33:00","32","CONTRATO CERRADO / DESEMBOLSO","Presencial","Fondos privados","false","3.351","SI","0.049100000000000005",,"2026"
"CONTRATO CERRADO / DESEMBOLSO","202607","P05171","248048.11","248048.11","251347.15","251347.15","3299.04","3299.04","84","PEN","1.9","Cuota Fija","Moderado","LIMA","SAN BARTOLO",,"208811.0",,"251347.15","251347.15",,"0.325326","0.325326","0.674674","2026-06-15 16:54:53","2026-07-07 23:12:40","22","CONTRATO CERRADO / DESEMBOLSO","Digital","Fondos privados","false","3.351","SI","0.013300000552312211",,"2026"
"CONTRATO CERRADO / DESEMBOLSO","202607","P05184","250000.0","250000.0","271250.0","271250.0","21250.0","21250.0","60","PEN","1.9","Cuota Fija","Moderado","CHEPEN","CHEPEN",,"217743.0",,"271250.0","271250.0",,"0.336685","0.336685","0.663315","2026-06-15 16:05:27","2026-07-13 22:23:53","28","CONTRATO CERRADO / DESEMBOLSO","Presencial","Inversionista P2P","false","3.351","SI","0.085",,"2026"
"CONTRATO CERRADO / DESEMBOLSO","202607","P05193","200000.0","200000.0","220000.0","220000.0","20000.0","20000.0","36","PEN","1.76","Cuota Fija","Moderado Medio","LIMA","LOS OLIVOS","casa","268930.0",,"220000.0","220000.0",,"0.221096","0.221096","0.778904","2026-06-15 19:06:20","2026-07-17 21:13:18","32","CONTRATO CERRADO / DESEMBOLSO","Digital","Inversionista P2P","false","3.351","SI","0.1",,"2026"
"CONTRATO CERRADO / DESEMBOLSO","202606","P05142","45000.0","45000.0","47335.5","47335.5","2335.5","2335.5","48","PEN","2.4","Cuota Fija","Moderado","LIMA","SAN ISIDRO","local","94329.0",,"47335.5","47335.5",,"0.135625","0.135625","0.864375","2026-06-16 22:44:50","2026-06-30 22:35:21","13","CONTRATO CERRADO / DESEMBOLSO","Digital","Fondos privados","true","3.351","SI","0.0519",,"2026"
"CONTRATO CERRADO / DESEMBOLSO","202607","P05163","27000.0","27000.0","35640.0","35640.0","8640.0","8640.0","72","PEN","1.39","Cuota Fija","Moderado Medio","LIMA","SAN MARTIN DE PORRES","departamento","52697.0",,"35640.0","35640.0",,"0.182789","0.182789","0.817211","2026-06-17 16:02:38","2026-07-08 22:05:53","21","CONTRATO CERRADO / DESEMBOLSO","Digital","Inversionista P2P","true","3.351","SI","0.32",,"2026"
"CONTRATO CERRADO / DESEMBOLSO","202607","P05189","100000.0","100000.0","118000.0","118000.0","18000.0","18000.0","72","PEN","1.2","Cuota Fija","Moderado","LIMA","MIRAFLORES","departamento","261929.0",,"118000.0","118000.0",,"0.121758","0.121758","0.878242","2026-06-18 22:18:19","2026-07-15 22:21:15","27","CONTRATO CERRADO / DESEMBOLSO","Digital","Inversionista P2P","true","3.351","SI","0.18",,"2026"
"CONTRATO CERRADO / DESEMBOLSO","202607","P05206","61616.729999999996","61616.729999999996","74556.25","74556.25","12939.52","12939.52","24","PEN","1.9","Cuota Fija","Moderado","LIMA","CERCADO",,"162868.0",,"74556.25","74556.25",,"0.123722","0.123722","0.876278","2026-06-19 16:18:45","2026-07-21 17:17:39","32","CONTRATO CERRADO / DESEMBOLSO","Digital","Inversionista P2P","false","3.351","SI","0.21000010873670188",,"2026"
"CONTRATO CERRADO / DESEMBOLSO","202607","P05188","80000.0","80000.0","98400.0","98400.0","18400.0","18400.0","60","PEN","1.9","Cuota Fija","Bajo Medio","TRUJILLO","VICTOR LARCO HERRERA",,"68991.0",,"98400.0","98400.0",,"0.385479","0.385479","0.614521","2026-06-19 19:28:44","2026-07-15 19:23:20","25","CONTRATO CERRADO / DESEMBOLSO","Presencial","Inversionista P2P","false","3.351","SI","0.23",,"2026"
"CONTRATO CERRADO / DESEMBOLSO","202607","P05166","163718.89","163718.89","185002.35","185002.35","21283.46","21283.46","72","PEN","1.49","Cuota Fija","Bajo Medio","LIMA","MIRAFLORES",,"101651.0",,"185002.35","185002.35",,"0.491885","0.491885","0.508115","2026-06-19 23:08:49","2026-07-10 19:14:55","20","CONTRATO CERRADO / DESEMBOLSO","Digital","Inversionista P2P","false","3.351","SI","0.13000002626453183",,"2026"
"CONTRATO CERRADO / DESEMBOLSO","202607","P05186","53000.0","53000.0","69430.0","69430.0","16430.0","16430.0","72","PEN","1.73","Cuota Fija","Moderado Medio","PIURA","CASTILLA",,"82266.0",,"69430.0","69430.0",,"0.2281","0.2281","0.7719","2026-06-22 18:59:23","2026-07-14 21:56:10","22","CONTRATO CERRADO / DESEMBOLSO","Presencial","Inversionista P2P","false","3.351","SI","0.31",,"2026"
"CONTRATO CERRADO / DESEMBOLSO","202607","P05223","100000.0","100000.0","102600.0","102600.0","2600.0","2600.0","60","PEN","2.12","Cuota Fija","Moderado","LIMA","LA MOLINA","terreno","116192.0",,"102600.0","102600.0",,"0.238654","0.238654","0.761346","2026-06-23 20:41:49","2026-07-21 22:46:25","28","CONTRATO CERRADO / DESEMBOLSO","Digital","Fondos privados","true","3.351","SI","0.026",,"2026"
"CONTRATO CERRADO / DESEMBOLSO","202607","P05167","60000.0","60000.0","76800.0","76800.0","16800.0","16800.0","72","PEN","1.37","Cuota Fija","Bajo","LIMA","ATE","departamento","50679.0",,"76800.0","76800.0",,"0.409573","0.409573","0.590427","2026-06-24 16:32:39","2026-07-10 22:30:03","16","CONTRATO CERRADO / DESEMBOLSO","Digital","Inversionista P2P","false","3.351","SI","0.28",,"2026"
"CONTRATO CERRADO / DESEMBOLSO","202607","P05207","107100.0","107100.0","119952.0","119952.0","12852.0","12852.0","60","PEN","1.28","Cuota Fija","Bajo","LIMA","SAN BORJA",,"130747.0",,"119952.0","119952.0",,"0.247956","0.247956","0.7520439999999999","2026-06-24 22:08:08","2026-07-22 14:42:40","27","CONTRATO CERRADO / DESEMBOLSO","Digital","Inversionista P2P","true","3.359","SI","0.12",,"2026"
"CONTRATO CERRADO / DESEMBOLSO","202607","P05217","120000.0","120000.0","141000.0","141000.0","21000.0","21000.0","72","PEN","1.68","Cuota Fija","Bajo Medio","LIMA","SAN MARTIN DE PORRES","casa","251342.0",,"141000.0","141000.0",,"0.151619","0.151619","0.848381","2026-07-01 20:28:17","2026-07-25 15:36:29","23","CONTRATO CERRADO / DESEMBOLSO","Digital","Inversionista P2P","true","3.359","SI","0.175",,"2026"
"CONTRATO CERRADO / DESEMBOLSO","202607","P05203","40000.0","40000.0","52600.0","52600.0","12600.0","12600.0","60","PEN","1.39","Cuota Fija","Moderado","LIMA","SAN MARTIN DE PORRES",,"73741.0",,"52600.0","52600.0",,"0.192786","0.192786","0.807214","2026-07-03 20:13:41","2026-07-20 19:58:27","16","CONTRATO CERRADO / DESEMBOLSO","Digital","Inversionista P2P","false","3.359","SI","0.315",,"2026"
"CONTRATO CERRADO / DESEMBOLSO","202607","P05224","50000.0","50000.0","52360.0","52360.0","2360.0","2360.0","18","PEN","2.95","Cuota Fija","Moderado","TRUJILLO","HUANCHACO","departamento","216399.0",,"52360.0","52360.0",,"0.065395","0.065395","0.934605","2026-07-08 20:04:58","2026-07-22 15:22:23","13","CONTRATO CERRADO / DESEMBOLSO","Digital","Fondos privados","false","3.359","SI","0.0472",,"2026"
